Timestamp,total_watt
2016-09-01 00:14:59,34.2875
2016-09-01 00:29:59,32.9875
2016-09-01 00:44:59,29.725
2016-09-01 00:59:59,33.3958
2016-09-01 01:14:59,29.625
2016-09-01 01:29:59,29.1042
2016-09-01 01:44:59,33.0417
2016-09-01 01:59:59,28.3208
2016-09-01 02:14:59,26.8208
2016-09-01 02:29:59,27.5917
2016-09-01 02:44:59,33.6375
2016-09-01 02:59:59,34.1875
2016-09-01 03:14:59,32.2625
2016-09-01 03:29:59,30.2833
2016-09-01 03:44:59,33.2792
2016-09-01 03:59:59,28.7875
2016-09-01 04:14:59,30.0542
2016-09-01 04:29:59,32.425
2016-09-01 04:44:59,27.75
2016-09-01 04:59:59,26.8375
2016-09-01 05:14:59,28.975
2016-09-01 05:29:59,33.7
2016-09-01 05:44:59,34.0958
2016-09-01 05:59:59,31.2917
2016-09-01 06:14:59,31.2583
2016-09-01 06:29:59,32.4833
2016-09-01 06:44:59,28.4292
2016-09-01 06:59:59,38.8
2016-09-01 07:14:59,39.3292
2016-09-01 07:29:59,27.4542
2016-09-01 07:44:59,147.538
2016-09-01 07:59:59,50.9458
2016-09-01 08:14:59,49.0542
2016-09-01 08:29:59,34.05
2016-09-01 08:44:59,30.3125
2016-09-01 08:59:59,33.2625
2016-09-01 09:14:59,35.1042
2016-09-01 09:29:59,31.85
2016-09-01 09:44:59,33.6917
2016-09-01 09:59:59,30.6917
2016-09-01 10:14:59,27.2875
2016-09-01 10:29:59,26.5583
2016-09-01 10:44:59,31.6
2016-09-01 10:59:59,33.9875
2016-09-01 11:14:59,33.8792
2016-09-01 11:29:59,29.3417
2016-09-01 11:44:59,33.0208
2016-09-01 11:59:59,30.9333
2016-09-01 12:14:59,28.2583
2016-09-01 12:29:59,32.7542
2016-09-01 12:44:59,29.7667
2016-09-01 12:59:59,26.9958
2016-09-01 13:14:59,26.5708
2016-09-01 13:29:59,32.8042
2016-09-01 13:44:59,34.15
2016-09-01 13:59:59,33.4125
2016-09-01 14:14:59,29.2708
2016-09-01 14:29:59,33.3917
2016-09-01 14:44:59,30.0958
2016-09-01 14:59:59,28.8625
2016-09-01 15:14:59,32.9083
2016-09-01 15:29:59,28.7667
2016-09-01 15:44:59,26.9292
2016-09-01 15:59:59,27.1625
2016-09-01 16:14:59,33.4625
2016-09-01 16:29:59,34.2125
2016-09-01 16:44:59,32.5875
2016-09-01 16:59:59,29.9875
2016-09-01 17:14:59,33.6542
2016-09-01 17:29:59,32.5542
2016-09-01 17:44:59,33.1792
2016-09-01 17:59:59,36.2042
2016-09-01 18:14:59,140.517
2016-09-01 18:29:59,363.917
2016-09-01 18:44:59,68.3333
2016-09-01 18:59:59,60.5458
2016-09-01 19:14:59,61.3542
2016-09-01 19:29:59,58.6667
2016-09-01 19:44:59,57.7042
2016-09-01 19:59:59,66.1375
2016-09-01 20:14:59,68.0458
2016-09-01 20:29:59,86.3417
2016-09-01 20:44:59,90.5208
2016-09-01 20:59:59,85.9833
2016-09-01 21:14:59,84.6667
2016-09-01 21:29:59,91.6833
2016-09-01 21:44:59,98.5458
2016-09-01 21:59:59,308.913
2016-09-01 22:14:59,434.179
2016-09-01 22:29:59,530.979
2016-09-01 22:44:59,522.812
2016-09-01 22:59:59,461.054
2016-09-01 23:14:59,338.646
2016-09-01 23:29:59,331.217
2016-09-01 23:44:59,267.025
2016-09-01 23:59:59,296.046
2016-09-02 00:14:59,295.95
2016-09-02 00:29:59,296.379
2016-09-02 00:44:59,295.458
2016-09-02 00:59:59,288.225
2016-09-02 01:14:59,193.217
2016-09-02 01:29:59,296.458
2016-09-02 01:44:59,173.404
2016-09-02 01:59:59,293.571
2016-09-02 02:14:59,293.733
2016-09-02 02:29:59,174.454
2016-09-02 02:44:59,204.154
2016-09-02 02:59:59,266.475
2016-09-02 03:14:59,161.546
2016-09-02 03:29:59,222.971
2016-09-02 03:44:59,248.65
2016-09-02 03:59:59,138.254
2016-09-02 04:14:59,186.567
2016-09-02 04:29:59,230.688
2016-09-02 04:44:59,151.446
2016-09-02 04:59:59,139.046
2016-09-02 05:14:59,137.358
2016-09-02 05:29:59,138.692
2016-09-02 05:44:59,105.246
2016-09-02 05:59:59,34.275
2016-09-02 06:14:59,32.85
2016-09-02 06:29:59,29.6833
2016-09-02 06:44:59,38.7125
2016-09-02 06:59:59,46.0875
2016-09-02 07:14:59,32.25
2016-09-02 07:29:59,32.8708
2016-09-02 07:44:59,28.325
2016-09-02 07:59:59,29.4542
2016-09-02 08:14:59,31.3125
2016-09-02 08:29:59,109.883
2016-09-02 08:44:59,35.825
2016-09-02 08:59:59,32.0875
2016-09-02 09:14:59,30.3833
2016-09-02 09:29:59,33.1542
2016-09-02 09:44:59,28.9125
2016-09-02 09:59:59,30.0792
2016-09-02 10:14:59,32.2958
2016-09-02 10:29:59,27.75
2016-09-02 10:44:59,26.9083
2016-09-02 10:59:59,29.0208
2016-09-02 11:14:59,33.7167
2016-09-02 11:29:59,34.0667
2016-09-02 11:44:59,31.1292
2016-09-02 11:59:59,31.2708
2016-09-02 12:14:59,32.5583
2016-09-02 12:29:59,28.475
2016-09-02 12:44:59,31.025
2016-09-02 12:59:59,31.525
2016-09-02 13:14:59,27.55
2016-09-02 13:29:59,26.8083
2016-09-02 13:44:59,30.325
2016-09-02 13:59:59,33.7708
2016-09-02 14:14:59,34.025
2016-09-02 14:29:59,30.1083
2016-09-02 14:44:59,32.2208
2016-09-02 14:59:59,31.7417
2016-09-02 15:14:59,28.1958
2016-09-02 15:29:59,32.0208
2016-09-02 15:44:59,30.6917
2016-09-02 15:59:59,27.3042
2016-09-02 16:14:59,26.5083
2016-09-02 16:29:59,31.6958
2016-09-02 16:44:59,34.0
2016-09-02 16:59:59,33.7792
2016-09-02 17:14:59,29.1542
2016-09-02 17:29:59,33.2583
2016-09-02 17:44:59,30.9333
2016-09-02 17:59:59,28.225
2016-09-02 18:14:59,32.7208
2016-09-02 18:29:59,29.7417
2016-09-02 18:44:59,27.0542
2016-09-02 18:59:59,29.7958
2016-09-02 19:14:59,36.3458
2016-09-02 19:29:59,37.7125
2016-09-02 19:44:59,63.95
2016-09-02 19:59:59,365.667
2016-09-02 20:14:59,133.792
2016-09-02 20:29:59,54.3083
2016-09-02 20:44:59,65.5792
2016-09-02 20:59:59,84.6417
2016-09-02 21:14:59,81.8625
2016-09-02 21:29:59,89.8708
2016-09-02 21:44:59,95.4583
2016-09-02 21:59:59,116.179
2016-09-02 22:14:59,380.087
2016-09-02 22:29:59,537.008
2016-09-02 22:44:59,529.817
2016-09-02 22:59:59,530.117
2016-09-02 23:14:59,460.196
2016-09-02 23:29:59,356.2
2016-09-02 23:44:59,353.767
2016-09-02 23:59:59,272.467
2016-09-03 00:14:59,293.517
2016-09-03 00:29:59,292.237
2016-09-03 00:44:59,295.55
2016-09-03 00:59:59,294.938
2016-09-03 01:14:59,248.021
2016-09-03 01:29:59,236.504
2016-09-03 01:44:59,296.029
2016-09-03 01:59:59,171.992
2016-09-03 02:14:59,292.679
2016-09-03 02:29:59,236.254
2016-09-03 02:44:59,236.646
2016-09-03 02:59:59,174.538
2016-09-03 03:14:59,293.021
2016-09-03 03:29:59,159.7
2016-09-03 03:44:59,182.871
2016-09-03 03:59:59,261.133
2016-09-03 04:14:59,166.413
2016-09-03 04:29:59,147.671
2016-09-03 04:44:59,193.821
2016-09-03 04:59:59,179.467
2016-09-03 05:14:59,178.512
2016-09-03 05:29:59,108.629
2016-09-03 05:44:59,26.5625
2016-09-03 05:59:59,31.1375
2016-09-03 06:14:59,33.9042
2016-09-03 06:29:59,33.7917
2016-09-03 06:44:59,29.6125
2016-09-03 06:59:59,32.8125
2016-09-03 07:14:59,31.3208
2016-09-03 07:29:59,28.0708
2016-09-03 07:44:59,32.5667
2016-09-03 07:59:59,38.7167
2016-09-03 08:14:59,43.575
2016-09-03 08:29:59,43.0333
2016-09-03 08:44:59,48.8292
2016-09-03 08:59:59,174.092
2016-09-03 09:14:59,42.0917
2016-09-03 09:29:59,30.5042
2016-09-03 09:44:59,36.925
2016-09-03 09:59:59,33.8292
2016-09-03 10:14:59,32.1
2016-09-03 10:29:59,36.4167
2016-09-03 10:44:59,32.6958
2016-09-03 10:59:59,27.1667
2016-09-03 11:14:59,26.8208
2016-09-03 11:29:59,33.2792
2016-09-03 11:44:59,34.1375
2016-09-03 11:59:59,32.825
2016-09-03 12:14:59,29.7708
2016-09-03 12:29:59,33.5125
2016-09-03 12:44:59,29.4667
2016-09-03 12:59:59,29.2625
2016-09-03 13:14:59,32.925
2016-09-03 13:29:59,28.2625
2016-09-03 13:44:59,26.8042
2016-09-03 13:59:59,27.9333
2016-09-03 14:14:59,33.5
2016-09-03 14:29:59,34.15
2016-09-03 14:44:59,32.0375
2016-09-03 14:59:59,30.824
2016-09-03 15:14:59,67.8
2016-09-03 15:29:59,76.0875
2016-09-03 15:44:59,38.1792
2016-09-03 15:59:59,47.1542
2016-09-03 16:14:59,72.8292
2016-09-03 16:29:59,75.0833
2016-09-03 16:44:59,51.2333
2016-09-03 16:59:59,47.2292
2016-09-03 17:14:59,70.9917
2016-09-03 17:29:59,58.3793
2016-09-03 17:44:59,195.667
2016-09-03 17:59:59,122.508
2016-09-03 18:14:59,35.3958
2016-09-03 18:29:59,38.1417
2016-09-03 18:44:59,41.8625
2016-09-03 18:59:59,41.4417
2016-09-03 19:14:59,40.7417
2016-09-03 19:29:59,44.475
2016-09-03 19:44:59,145.817
2016-09-03 19:59:59,377.604
2016-09-03 20:14:59,145.629
2016-09-03 20:29:59,79.8042
2016-09-03 20:44:59,222.2
2016-09-03 20:59:59,344.55
2016-09-03 21:14:59,348.558
2016-09-03 21:29:59,343.946
2016-09-03 21:44:59,337.192
2016-09-03 21:59:59,335.446
2016-09-03 22:14:59,339.983
2016-09-03 22:29:59,375.188
2016-09-03 22:44:59,966.304
2016-09-03 22:59:59,1004.56
2016-09-03 23:14:59,455.737
2016-09-03 23:29:59,494.867
2016-09-03 23:44:59,490.175
2016-09-03 23:59:59,239.188
2016-09-04 00:14:59,294.942
2016-09-04 00:29:59,228.546
2016-09-04 00:44:59,230.95
2016-09-04 00:59:59,295.829
2016-09-04 01:14:59,181.738
2016-09-04 01:29:59,271.929
2016-09-04 01:44:59,202.754
2016-09-04 01:59:59,210.208
2016-09-04 02:14:59,230.712
2016-09-04 02:29:59,187.529
2016-09-04 02:44:59,144.783
2016-09-04 02:59:59,238.921
2016-09-04 03:14:59,185.804
2016-09-04 03:29:59,133.108
2016-09-04 03:44:59,141.25
2016-09-04 03:59:59,162.279
2016-09-04 04:14:59,176.4
2016-09-04 04:29:59,30.5542
2016-09-04 04:44:59,33.4292
2016-09-04 04:59:59,28.9792
2016-09-04 05:14:59,29.7625
2016-09-04 05:29:59,32.65
2016-09-04 05:44:59,27.8583
2016-09-04 05:59:59,26.9542
2016-09-04 06:14:59,28.4958
2016-09-04 06:29:59,33.5625
2016-09-04 06:44:59,34.125
2016-09-04 06:59:59,31.5875
2016-09-04 07:14:59,30.9917
2016-09-04 07:29:59,32.7167
2016-09-04 07:44:59,28.6
2016-09-04 07:59:59,30.7042
2016-09-04 08:14:59,68.4833
2016-09-04 08:29:59,51.7833
2016-09-04 08:44:59,26.8
2016-09-04 08:59:59,29.8917
2016-09-04 09:14:59,35.2208
2016-09-04 09:29:59,37.4875
2016-09-04 09:44:59,34.1333
2016-09-04 09:59:59,32.5208
2016-09-04 10:14:59,31.8625
2016-09-04 10:29:59,28.3083
2016-09-04 10:44:59,31.7625
2016-09-04 10:59:59,31.0042
2016-09-04 11:14:59,27.3667
2016-09-04 11:29:59,26.5625
2016-09-04 11:44:59,31.1708
2016-09-04 11:59:59,33.8292
2016-09-04 12:14:59,33.9792
2016-09-04 12:29:59,29.575
2016-09-04 12:44:59,32.7625
2016-09-04 12:59:59,31.2083
2016-09-04 13:14:59,28.1875
2016-09-04 13:29:59,32.7125
2016-09-04 13:44:59,62.0864
2016-09-04 13:59:59,53.7917
2016-09-04 14:14:59,104.671
2016-09-04 14:29:59,83.3542
2016-09-04 14:44:59,67.15
2016-09-04 14:59:59,80.9208
2016-09-04 15:14:59,58.8583
2016-09-04 15:29:59,92.675
2016-09-04 15:44:59,81.5292
2016-09-04 15:59:59,66.0542
2016-09-04 16:14:59,89.0
2016-09-04 16:29:59,107.004
2016-09-04 16:44:59,69.65
2016-09-04 16:59:59,77.8458
2016-09-04 17:14:59,66.0875
2016-09-04 17:29:59,133.663
2016-09-04 17:44:59,167.825
2016-09-04 17:59:59,46.7208
2016-09-04 18:14:59,201.587
2016-09-04 18:29:59,84.1167
2016-09-04 18:44:59,125.696
2016-09-04 18:59:59,80.5708
2016-09-04 19:14:59,116.554
2016-09-04 19:29:59,55.2958
2016-09-04 19:44:59,60.9917
2016-09-04 19:59:59,81.4458
2016-09-04 20:14:59,81.2042
2016-09-04 20:29:59,234.004
2016-09-04 20:44:59,383.712
2016-09-04 20:59:59,213.442
2016-09-04 21:14:59,66.7083
2016-09-04 21:29:59,78.7417
2016-09-04 21:44:59,349.567
2016-09-04 21:59:59,352.188
2016-09-04 22:14:59,346.904
2016-09-04 22:29:59,345.346
2016-09-04 22:44:59,354.121
2016-09-04 22:59:59,355.337
2016-09-04 23:14:59,345.6
2016-09-04 23:29:59,290.9
2016-09-04 23:44:59,418.167
2016-09-04 23:59:59,496.125
2016-09-05 00:14:59,386.117
2016-09-05 00:29:59,292.408
2016-09-05 00:44:59,265.337
2016-09-05 00:59:59,210.346
2016-09-05 01:14:59,294.033
2016-09-05 01:29:59,177.808
2016-09-05 01:44:59,295.646
2016-09-05 01:59:59,255.808
2016-09-05 02:14:59,219.308
2016-09-05 02:29:59,180.312
2016-09-05 02:44:59,290.913
2016-09-05 02:59:59,158.038
2016-09-05 03:14:59,180.458
2016-09-05 03:29:59,278.475
2016-09-05 03:44:59,139.688
2016-09-05 03:59:59,147.904
2016-09-05 04:14:59,220.442
2016-09-05 04:29:59,181.783
2016-09-05 04:44:59,163.621
2016-09-05 04:59:59,144.729
2016-09-05 05:14:59,142.087
2016-09-05 05:29:59,140.408
2016-09-05 05:44:59,142.458
2016-09-05 05:59:59,149.204
2016-09-05 06:14:59,145.979
2016-09-05 06:29:59,26.5625
2016-09-05 06:44:59,32.9125
2016-09-05 06:59:59,34.2458
2016-09-05 07:14:59,33.175
2016-09-05 07:29:59,31.1375
2016-09-05 07:44:59,36.8917
2016-09-05 07:59:59,33.3792
2016-09-05 08:14:59,29.2333
2016-09-05 08:29:59,32.9667
2016-09-05 08:44:59,28.5375
2016-09-05 08:59:59,26.8125
2016-09-05 09:14:59,27.3125
2016-09-05 09:29:59,33.5875
2016-09-05 09:44:59,49.5375
2016-09-05 09:59:59,65.7042
2016-09-05 10:14:59,30.15
2016-09-05 10:29:59,33.4208
2016-09-05 10:44:59,28.9917
2016-09-05 10:59:59,29.8917
2016-09-05 11:14:59,32.5417
2016-09-05 11:29:59,27.9
2016-09-05 11:44:59,26.7917
2016-09-05 11:59:59,28.6958
2016-09-05 12:14:59,33.5333
2016-09-05 12:29:59,34.225
2016-09-05 12:44:59,31.4083
2016-09-05 12:59:59,31.0708
2016-09-05 13:14:59,32.6917
2016-09-05 13:29:59,28.6083
2016-09-05 13:44:59,30.7542
2016-09-05 13:59:59,31.8417
2016-09-05 14:14:59,27.5167
2016-09-05 14:29:59,26.7125
2016-09-05 14:44:59,29.9625
2016-09-05 14:59:59,33.7958
2016-09-05 15:14:59,34.025
2016-09-05 15:29:59,30.4417
2016-09-05 15:44:59,32.0042
2016-09-05 15:59:59,31.8708
2016-09-05 16:14:59,28.3542
2016-09-05 16:29:59,31.7542
2016-09-05 16:44:59,31.0
2016-09-05 16:59:59,27.3042
2016-09-05 17:14:59,31.8417
2016-09-05 17:29:59,38.3
2016-09-05 17:44:59,40.9958
2016-09-05 17:59:59,40.9292
2016-09-05 18:14:59,36.3958
2016-09-05 18:29:59,39.9042
2016-09-05 18:44:59,38.2083
2016-09-05 18:59:59,35.1375
2016-09-05 19:14:59,39.7208
2016-09-05 19:29:59,245.35
2016-09-05 19:44:59,237.65
2016-09-05 19:59:59,52.6042
2016-09-05 20:14:59,64.3583
2016-09-05 20:29:59,82.6458
2016-09-05 20:44:59,83.925
2016-09-05 20:59:59,75.7
2016-09-05 21:14:59,92.3292
2016-09-05 21:29:59,140.467
2016-09-05 21:44:59,365.504
2016-09-05 21:59:59,367.179
2016-09-05 22:14:59,358.892
2016-09-05 22:29:59,354.788
2016-09-05 22:44:59,352.946
2016-09-05 22:59:59,503.442
2016-09-05 23:14:59,523.062
2016-09-05 23:29:59,447.325
2016-09-05 23:44:59,483.004
2016-09-05 23:59:59,335.658
2016-09-06 00:14:59,306.321
2016-09-06 00:29:59,305.754
2016-09-06 00:44:59,216.346
2016-09-06 00:59:59,268.983
2016-09-06 01:14:59,289.279
2016-09-06 01:29:59,171.488
2016-09-06 01:44:59,296.438
2016-09-06 01:59:59,203.15
2016-09-06 02:14:59,275.354
2016-09-06 02:29:59,178.271
2016-09-06 02:44:59,296.179
2016-09-06 02:59:59,155.379
2016-09-06 03:14:59,177.696
2016-09-06 03:29:59,229.396
2016-09-06 03:44:59,195.875
2016-09-06 03:59:59,142.462
2016-09-06 04:14:59,160.679
2016-09-06 04:29:59,33.7542
2016-09-06 04:44:59,34.1042
2016-09-06 04:59:59,30.85
2016-09-06 05:14:59,31.5875
2016-09-06 05:29:59,32.3167
2016-09-06 05:44:59,28.3625
2016-09-06 05:59:59,31.3833
2016-09-06 06:14:59,31.3208
2016-09-06 06:29:59,27.3625
2016-09-06 06:44:59,26.6
2016-09-06 06:59:59,30.7917
2016-09-06 07:14:59,33.825
2016-09-06 07:29:59,33.9083
2016-09-06 07:44:59,150.708
2016-09-06 07:59:59,33.0417
2016-09-06 08:14:59,151.904
2016-09-06 08:29:59,28.0792
2016-09-06 08:44:59,32.4042
2016-09-06 08:59:59,30.4583
2016-09-06 09:14:59,27.05
2016-09-06 09:29:59,26.4708
2016-09-06 09:44:59,32.1167
2016-09-06 09:59:59,34.0542
2016-09-06 10:14:59,33.7458
2016-09-06 10:29:59,29.0583
2016-09-06 10:44:59,33.4375
2016-09-06 10:59:59,30.6
2016-09-06 11:14:59,28.4625
2016-09-06 11:29:59,32.825
2016-09-06 11:44:59,29.3583
2016-09-06 11:59:59,26.9375
2016-09-06 12:14:59,26.7667
2016-09-06 12:29:59,33.05
2016-09-06 12:44:59,34.1333
2016-09-06 12:59:59,33.075
2016-09-06 13:14:59,29.6
2016-09-06 13:29:59,33.5083
2016-09-06 13:44:59,29.75
2016-09-06 13:59:59,29.0792
2016-09-06 14:14:59,33.0458
2016-09-06 14:29:59,28.3458
2016-09-06 14:44:59,26.8375
2016-09-06 14:59:59,27.4833
2016-09-06 15:14:59,33.6
2016-09-06 15:29:59,34.1875
2016-09-06 15:44:59,32.2208
2016-09-06 15:59:59,30.3375
2016-09-06 16:14:59,33.35
2016-09-06 16:29:59,28.8917
2016-09-06 16:44:59,29.9833
2016-09-06 16:59:59,32.4083
2016-09-06 17:14:59,27.7958
2016-09-06 17:29:59,27.8417
2016-09-06 17:44:59,32.3417
2016-09-06 17:59:59,37.1083
2016-09-06 18:14:59,37.575
2016-09-06 18:29:59,39.8625
2016-09-06 18:44:59,51.15
2016-09-06 18:59:59,48.1167
2016-09-06 19:14:59,30.9375
2016-09-06 19:29:59,37.925
2016-09-06 19:44:59,54.9708
2016-09-06 19:59:59,362.154
2016-09-06 20:14:59,196.35
2016-09-06 20:29:59,158.796
2016-09-06 20:44:59,363.717
2016-09-06 20:59:59,364.263
2016-09-06 21:14:59,357.575
2016-09-06 21:29:59,356.896
2016-09-06 21:44:59,475.442
2016-09-06 21:59:59,500.133
2016-09-06 22:14:59,478.271
2016-09-06 22:29:59,280.183
2016-09-06 22:44:59,613.192
2016-09-06 22:59:59,1001.73
2016-09-06 23:14:59,988.204
2016-09-06 23:29:59,384.183
2016-09-06 23:44:59,201.833
2016-09-06 23:59:59,303.267
2016-09-07 00:14:59,289.117
2016-09-07 00:29:59,185.946
2016-09-07 00:44:59,293.671
2016-09-07 00:59:59,185.008
2016-09-07 01:14:59,294.467
2016-09-07 01:29:59,173.771
2016-09-07 01:44:59,255.571
2016-09-07 01:59:59,193.85
2016-09-07 02:14:59,181.258
2016-09-07 02:29:59,196.262
2016-09-07 02:44:59,231.358
2016-09-07 02:59:59,149.488
2016-09-07 03:14:59,139.392
2016-09-07 03:29:59,165.021
2016-09-07 03:44:59,180.183
2016-09-07 03:59:59,172.671
2016-09-07 04:14:59,26.9667
2016-09-07 04:29:59,27.1
2016-09-07 04:44:59,33.3042
2016-09-07 04:59:59,34.2125
2016-09-07 05:14:59,32.65
2016-09-07 05:29:59,29.975
2016-09-07 05:44:59,33.5417
2016-09-07 05:59:59,29.1917
2016-09-07 06:14:59,29.6208
2016-09-07 06:29:59,32.675
2016-09-07 06:44:59,28.0083
2016-09-07 06:59:59,28.7375
2016-09-07 07:14:59,44.7708
2016-09-07 07:29:59,42.3917
2016-09-07 07:44:59,34.0875
2016-09-07 07:59:59,149.896
2016-09-07 08:14:59,57.8417
2016-09-07 08:29:59,51.8
2016-09-07 08:44:59,32.2792
2016-09-07 08:59:59,33.8458
2016-09-07 09:14:59,35.5542
2016-09-07 09:29:59,31.1625
2016-09-07 09:44:59,29.4375
2016-09-07 09:59:59,29.5292
2016-09-07 10:14:59,33.6167
2016-09-07 10:29:59,34.1417
2016-09-07 10:44:59,30.8125
2016-09-07 10:59:59,31.7333
2016-09-07 11:14:59,32.1833
2016-09-07 11:29:59,28.3958
2016-09-07 11:44:59,31.4
2016-09-07 11:59:59,31.2333
2016-09-07 12:14:59,27.2792
2016-09-07 12:29:59,26.7333
2016-09-07 12:44:59,30.8667
2016-09-07 12:59:59,33.8
2016-09-07 13:14:59,33.9083
2016-09-07 13:29:59,29.875
2016-09-07 13:44:59,32.5875
2016-09-07 13:59:59,31.4417
2016-09-07 14:14:59,28.0917
2016-09-07 14:29:59,32.4083
2016-09-07 14:44:59,30.2792
2016-09-07 14:59:59,27.2208
2016-09-07 15:14:59,26.5333
2016-09-07 15:29:59,32.1
2016-09-07 15:44:59,34.0042
2016-09-07 15:59:59,33.8125
2016-09-07 16:14:59,29.1625
2016-09-07 16:29:59,33.3542
2016-09-07 16:44:59,30.575
2016-09-07 16:59:59,28.5333
2016-09-07 17:14:59,32.7042
2016-09-07 17:29:59,29.3292
2016-09-07 17:44:59,27.0458
2016-09-07 17:59:59,26.7375
2016-09-07 18:14:59,33.0208
2016-09-07 18:29:59,34.2125
2016-09-07 18:44:59,33.075
2016-09-07 18:59:59,31.75
2016-09-07 19:14:59,39.1875
2016-09-07 19:29:59,40.175
2016-09-07 19:44:59,39.5542
2016-09-07 19:59:59,336.846
2016-09-07 20:14:59,46.9375
2016-09-07 20:29:59,52.9667
2016-09-07 20:44:59,56.5792
2016-09-07 20:59:59,77.1083
2016-09-07 21:14:59,78.3667
2016-09-07 21:29:59,128.637
2016-09-07 21:44:59,357.871
2016-09-07 21:59:59,373.604
2016-09-07 22:14:59,365.629
2016-09-07 22:29:59,398.183
2016-09-07 22:44:59,532.183
2016-09-07 22:59:59,523.875
2016-09-07 23:14:59,510.071
2016-09-07 23:29:59,401.042
2016-09-07 23:44:59,341.379
2016-09-07 23:59:59,327.825
2016-09-08 00:14:59,307.462
2016-09-08 00:29:59,291.533
2016-09-08 00:44:59,215.012
2016-09-08 00:59:59,269.358
2016-09-08 01:14:59,293.446
2016-09-08 01:29:59,175.004
2016-09-08 01:44:59,290.354
2016-09-08 01:59:59,195.746
2016-09-08 02:14:59,273.675
2016-09-08 02:29:59,181.371
2016-09-08 02:44:59,297.138
2016-09-08 02:59:59,156.967
2016-09-08 03:14:59,179.554
2016-09-08 03:29:59,228.908
2016-09-08 03:44:59,196.483
2016-09-08 03:59:59,147.571
2016-09-08 04:14:59,91.6042
2016-09-08 04:29:59,27.375
2016-09-08 04:44:59,26.5208
2016-09-08 04:59:59,31.5375
2016-09-08 05:14:59,33.9375
2016-09-08 05:29:59,33.9417
2016-09-08 05:44:59,29.2667
2016-09-08 05:59:59,33.1583
2016-09-08 06:14:59,30.9583
2016-09-08 06:29:59,33.1208
2016-09-08 06:44:59,49.1583
2016-09-08 06:59:59,46.375
2016-09-08 07:14:59,32.2833
2016-09-08 07:29:59,129.379
2016-09-08 07:44:59,71.3417
2016-09-08 07:59:59,49.5208
2016-09-08 08:14:59,33.4625
2016-09-08 08:29:59,38.0875
2016-09-08 08:44:59,33.4292
2016-09-08 08:59:59,30.1083
2016-09-08 09:14:59,28.725
2016-09-08 09:29:59,32.8958
2016-09-08 09:44:59,30.85
2016-09-08 09:59:59,28.55
2016-09-08 10:14:59,27.1125
2016-09-08 10:29:59,33.3625
2016-09-08 10:44:59,34.3125
2016-09-08 10:59:59,32.5375
2016-09-08 11:14:59,30.025
2016-09-08 11:29:59,33.5292
2016-09-08 11:44:59,29.0417
2016-09-08 11:59:59,29.5542
2016-09-08 12:14:59,32.7667
2016-09-08 12:29:59,28.0125
2016-09-08 12:44:59,26.8042
2016-09-08 12:59:59,28.2792
2016-09-08 13:14:59,33.675
2016-09-08 13:29:59,34.175
2016-09-08 13:44:59,31.7667
2016-09-08 13:59:59,30.8
2016-09-08 14:14:59,32.9917
2016-09-08 14:29:59,28.575
2016-09-08 14:44:59,30.4583
2016-09-08 14:59:59,31.9792
2016-09-08 15:14:59,27.7083
2016-09-08 15:29:59,26.775
2016-09-08 15:44:59,29.5875
2016-09-08 15:59:59,33.7208
2016-09-08 16:14:59,34.125
2016-09-08 16:29:59,30.6833
2016-09-08 16:44:59,31.8625
2016-09-08 16:59:59,32.0167
2016-09-08 17:14:59,28.2917
2016-09-08 17:29:59,31.8292
2016-09-08 17:44:59,34.7708
2016-09-08 17:59:59,30.8375
2016-09-08 18:14:59,30.325
2016-09-08 18:29:59,51.0042
2016-09-08 18:44:59,56.85
2016-09-08 18:59:59,57.5417
2016-09-08 19:14:59,53.225
2016-09-08 19:29:59,60.8125
2016-09-08 19:44:59,129.062
2016-09-08 19:59:59,382.837
2016-09-08 20:14:59,348.45
2016-09-08 20:29:59,56.1083
2016-09-08 20:44:59,220.775
2016-09-08 20:59:59,726.896
2016-09-08 21:14:59,726.571
2016-09-08 21:29:59,727.25
2016-09-08 21:44:59,426.725
2016-09-08 21:59:59,348.896
2016-09-08 22:14:59,354.862
2016-09-08 22:29:59,348.925
2016-09-08 22:44:59,340.225
2016-09-08 22:59:59,352.629
2016-09-08 23:14:59,499.038
2016-09-08 23:29:59,498.25
2016-09-08 23:44:59,441.3
2016-09-08 23:59:59,383.721
2016-09-09 00:14:59,316.421
2016-09-09 00:29:59,312.717
2016-09-09 00:44:59,307.929
2016-09-09 00:59:59,238.863
2016-09-09 01:14:59,282.496
2016-09-09 01:29:59,294.346
2016-09-09 01:44:59,178.992
2016-09-09 01:59:59,293.646
2016-09-09 02:14:59,202.887
2016-09-09 02:29:59,269.454
2016-09-09 02:44:59,183.971
2016-09-09 02:59:59,299.938
2016-09-09 03:14:59,161.25
2016-09-09 03:29:59,180.554
2016-09-09 03:44:59,237.242
2016-09-09 03:59:59,195.5
2016-09-09 04:14:59,148.292
2016-09-09 04:29:59,170.004
2016-09-09 04:44:59,175.646
2016-09-09 04:59:59,174.092
2016-09-09 05:14:59,173.108
2016-09-09 05:29:59,150.671
2016-09-09 05:44:59,146.608
2016-09-09 05:59:59,117.321
2016-09-09 06:14:59,31.4333
2016-09-09 06:29:59,32.3833
2016-09-09 06:44:59,28.4375
2016-09-09 06:59:59,31.025
2016-09-09 07:14:59,31.625
2016-09-09 07:29:59,27.4875
2016-09-09 07:44:59,92.6625
2016-09-09 07:59:59,116.867
2016-09-09 08:14:59,51.1958
2016-09-09 08:29:59,37.5
2016-09-09 08:44:59,39.6208
2016-09-09 08:59:59,32.1833
2016-09-09 09:14:59,31.6292
2016-09-09 09:29:59,28.1208
2016-09-09 09:44:59,32.1583
2016-09-09 09:59:59,30.6667
2016-09-09 10:14:59,27.2042
2016-09-09 10:29:59,26.5208
2016-09-09 10:44:59,31.7333
2016-09-09 10:59:59,34.0375
2016-09-09 11:14:59,33.8542
2016-09-09 11:29:59,29.2542
2016-09-09 11:44:59,33.1708
2016-09-09 11:59:59,30.8333
2016-09-09 12:14:59,28.225
2016-09-09 12:29:59,32.8083
2016-09-09 12:44:59,29.7292
2016-09-09 12:59:59,26.9667
2016-09-09 13:14:59,26.55
2016-09-09 13:29:59,32.9333
2016-09-09 13:44:59,34.1
2016-09-09 13:59:59,33.35
2016-09-09 14:14:59,29.4208
2016-09-09 14:29:59,33.35
2016-09-09 14:44:59,29.9333
2016-09-09 14:59:59,28.9875
2016-09-09 15:14:59,32.9625
2016-09-09 15:29:59,28.6208
2016-09-09 15:44:59,26.9042
2016-09-09 15:59:59,27.25
2016-09-09 16:14:59,33.5083
2016-09-09 16:29:59,34.225
2016-09-09 16:44:59,32.475
2016-09-09 16:59:59,30.1375
2016-09-09 17:14:59,33.3833
2016-09-09 17:29:59,29.0375
2016-09-09 17:44:59,29.7292
2016-09-09 17:59:59,32.6542
2016-09-09 18:14:59,27.9167
2016-09-09 18:29:59,26.7917
2016-09-09 18:44:59,38.9042
2016-09-09 18:59:59,59.8375
2016-09-09 19:14:59,65.2292
2016-09-09 19:29:59,64.775
2016-09-09 19:44:59,64.0417
2016-09-09 19:59:59,77.4333
2016-09-09 20:14:59,74.8208
2016-09-09 20:29:59,76.8208
2016-09-09 20:44:59,77.1208
2016-09-09 20:59:59,387.133
2016-09-09 21:14:59,276.9
2016-09-09 21:29:59,207.387
2016-09-09 21:44:59,358.025
2016-09-09 21:59:59,430.621
2016-09-09 22:14:59,531.096
2016-09-09 22:29:59,529.158
2016-09-09 22:44:59,511.154
2016-09-09 22:59:59,342.913
2016-09-09 23:14:59,325.979
2016-09-09 23:29:59,266.579
2016-09-09 23:44:59,318.225
2016-09-09 23:59:59,315.354
2016-09-10 00:14:59,310.342
2016-09-10 00:29:59,311.154
2016-09-10 00:44:59,210.667
2016-09-10 00:59:59,310.192
2016-09-10 01:14:59,257.204
2016-09-10 01:29:59,226.942
2016-09-10 01:44:59,290.996
2016-09-10 01:59:59,180.4
2016-09-10 02:14:59,277.333
2016-09-10 02:29:59,191.637
2016-09-10 02:44:59,212.096
2016-09-10 02:59:59,233.262
2016-09-10 03:14:59,183.971
2016-09-10 03:29:59,154.058
2016-09-10 03:44:59,239.45
2016-09-10 03:59:59,183.754
2016-09-10 04:14:59,136.462
2016-09-10 04:29:59,110.8
2016-09-10 04:44:59,32.8917
2016-09-10 04:59:59,29.1208
2016-09-10 05:14:59,26.9417
2016-09-10 05:29:59,26.9083
2016-09-10 05:44:59,33.1667
2016-09-10 05:59:59,34.2625
2016-09-10 06:14:59,45.8
2016-09-10 06:29:59,31.3375
2016-09-10 06:44:59,49.925
2016-09-10 06:59:59,45.9292
2016-09-10 07:14:59,45.8667
2016-09-10 07:29:59,46.3167
2016-09-10 07:44:59,28.225
2016-09-10 07:59:59,26.8542
2016-09-10 08:14:59,27.8833
2016-09-10 08:29:59,33.6125
2016-09-10 08:44:59,34.4083
2016-09-10 08:59:59,628.779
2016-09-10 09:14:59,739.271
2016-09-10 09:29:59,703.3
2016-09-10 09:44:59,699.004
2016-09-10 09:59:59,64.2917
2016-09-10 10:14:59,32.2792
2016-09-10 10:29:59,27.6917
2016-09-10 10:44:59,26.8708
2016-09-10 10:59:59,29.1792
2016-09-10 11:14:59,33.6792
2016-09-10 11:29:59,34.1417
2016-09-10 11:44:59,31.0042
2016-09-10 11:59:59,31.3708
2016-09-10 12:14:59,81.2327
2016-09-10 12:29:59,73.5708
2016-09-10 12:44:59,113.229
2016-09-10 12:59:59,62.8375
2016-09-10 13:14:59,54.1042
2016-09-10 13:29:59,78.0042
2016-09-10 13:44:59,76.65
2016-09-10 13:59:59,84.8708
2016-09-10 14:14:59,42.6524
2016-09-10 14:29:59,30.0958
2016-09-10 14:44:59,32.3167
2016-09-10 14:59:59,31.525
2016-09-10 15:14:59,28.2292
2016-09-10 15:29:59,32.175
2016-09-10 15:44:59,30.5792
2016-09-10 15:59:59,27.1708
2016-09-10 16:14:59,26.5958
2016-09-10 16:29:59,31.775
2016-09-10 16:44:59,34.0542
2016-09-10 16:59:59,33.8417
2016-09-10 17:14:59,29.0917
2016-09-10 17:29:59,33.1833
2016-09-10 17:44:59,32.8792
2016-09-10 17:59:59,31.8292
2016-09-10 18:14:59,38.8393
2016-09-10 18:29:59,190.55
2016-09-10 18:44:59,126.729
2016-09-10 18:59:59,30.1833
2016-09-10 19:14:59,191.575
2016-09-10 19:29:59,371.067
2016-09-10 19:44:59,182.9
2016-09-10 19:59:59,80.5125
2016-09-10 20:14:59,92.0208
2016-09-10 20:29:59,305.383
2016-09-10 20:44:59,369.237
2016-09-10 20:59:59,372.521
2016-09-10 21:14:59,1029.64
2016-09-10 21:29:59,884.812
2016-09-10 21:44:59,507.983
2016-09-10 21:59:59,513.825
2016-09-10 22:14:59,310.913
2016-09-10 22:29:59,341.008
2016-09-10 22:44:59,328.154
2016-09-10 22:59:59,329.183
2016-09-10 23:14:59,316.925
2016-09-10 23:29:59,314.458
2016-09-10 23:44:59,219.337
2016-09-10 23:59:59,318.95
2016-09-11 00:14:59,174.7
2016-09-11 00:29:59,292.329
2016-09-11 00:44:59,299.933
2016-09-11 00:59:59,183.058
2016-09-11 01:14:59,204.683
2016-09-11 01:29:59,269.521
2016-09-11 01:44:59,160.083
2016-09-11 01:59:59,213.675
2016-09-11 02:14:59,254.6
2016-09-11 02:29:59,136.742
2016-09-11 02:44:59,179.371
2016-09-11 02:59:59,228.867
2016-09-11 03:14:59,152.667
2016-09-11 03:29:59,143.492
2016-09-11 03:44:59,144.4
2016-09-11 03:59:59,142.454
2016-09-11 04:14:59,162.175
2016-09-11 04:29:59,169.754
2016-09-11 04:44:59,28.4083
2016-09-11 04:59:59,31.625
2016-09-11 05:14:59,31.0917
2016-09-11 05:29:59,27.3167
2016-09-11 05:44:59,26.65
2016-09-11 05:59:59,31.2208
2016-09-11 06:14:59,33.9417
2016-09-11 06:29:59,33.8667
2016-09-11 06:44:59,45.9583
2016-09-11 06:59:59,49.2333
2016-09-11 07:14:59,33.4583
2016-09-11 07:29:59,28.4083
2016-09-11 07:44:59,36.0875
2016-09-11 07:59:59,51.8375
2016-09-11 08:14:59,145.3
2016-09-11 08:29:59,44.6792
2016-09-11 08:44:59,45.15
2016-09-11 08:59:59,46.3417
2016-09-11 09:14:59,43.9542
2016-09-11 09:29:59,36.3958
2016-09-11 09:44:59,36.3833
2016-09-11 09:59:59,36.1333
2016-09-11 10:14:59,37.3708
2016-09-11 10:29:59,39.7958
2016-09-11 10:44:59,35.05
2016-09-11 10:59:59,29.9333
2016-09-11 11:14:59,26.8833
2016-09-11 11:29:59,33.25
2016-09-11 11:44:59,34.25
2016-09-11 11:59:59,32.675
2016-09-11 12:14:59,29.7958
2016-09-11 12:29:59,33.575
2016-09-11 12:44:59,29.3917
2016-09-11 12:59:59,29.3625
2016-09-11 13:14:59,32.8417
2016-09-11 13:29:59,28.225
2016-09-11 13:44:59,26.7917
2016-09-11 13:59:59,27.9792
2016-09-11 14:14:59,33.625
2016-09-11 14:29:59,34.0625
2016-09-11 14:44:59,31.9083
2016-09-11 14:59:59,30.6583
2016-09-11 15:14:59,33.15
2016-09-11 15:29:59,28.7083
2016-09-11 15:44:59,30.2208
2016-09-11 15:59:59,32.3935
2016-09-11 16:14:59,58.8125
2016-09-11 16:29:59,74.5875
2016-09-11 16:44:59,39.8292
2016-09-11 16:59:59,48.4792
2016-09-11 17:14:59,76.9458
2016-09-11 17:29:59,88.2958
2016-09-11 17:44:59,55.55
2016-09-11 17:59:59,51.425
2016-09-11 18:14:59,65.7667
2016-09-11 18:29:59,77.2042
2016-09-11 18:44:59,404.146
2016-09-11 18:59:59,36.8736
2016-09-11 19:14:59,37.1792
2016-09-11 19:29:59,42.8417
2016-09-11 19:44:59,58.7417
2016-09-11 19:59:59,57.4917
2016-09-11 20:14:59,53.5292
2016-09-11 20:29:59,65.5917
2016-09-11 20:44:59,55.0625
2016-09-11 20:59:59,53.175
2016-09-11 21:14:59,62.7917
2016-09-11 21:29:59,76.425
2016-09-11 21:44:59,92.2167
2016-09-11 21:59:59,100.767
2016-09-11 22:14:59,375.967
2016-09-11 22:29:59,374.271
2016-09-11 22:44:59,370.85
2016-09-11 22:59:59,446.804
2016-09-11 23:14:59,523.183
2016-09-11 23:29:59,450.971
2016-09-11 23:44:59,356.358
2016-09-11 23:59:59,303.696
2016-09-12 00:14:59,311.733
2016-09-12 00:29:59,306.021
2016-09-12 00:44:59,304.196
2016-09-12 00:59:59,309.471
2016-09-12 01:14:59,269.075
2016-09-12 01:29:59,234.404
2016-09-12 01:44:59,292.829
2016-09-12 01:59:59,176.929
2016-09-12 02:14:59,291.692
2016-09-12 02:29:59,237.712
2016-09-12 02:44:59,237.621
2016-09-12 02:59:59,176.562
2016-09-12 03:14:59,289.962
2016-09-12 03:29:59,153.292
2016-09-12 03:44:59,182.671
2016-09-12 03:59:59,268.8
2016-09-12 04:14:59,162.521
2016-09-12 04:29:59,145.946
2016-09-12 04:44:59,203.167
2016-09-12 04:59:59,176.829
2016-09-12 05:14:59,177.15
2016-09-12 05:29:59,148.217
2016-09-12 05:44:59,138.846
2016-09-12 05:59:59,139.121
2016-09-12 06:14:59,137.825
2016-09-12 06:29:59,140.792
2016-09-12 06:44:59,157.458
2016-09-12 06:59:59,31.4958
2016-09-12 07:14:59,33.6292
2016-09-12 07:29:59,36.1542
2016-09-12 07:44:59,165.008
2016-09-12 07:59:59,42.7875
2016-09-12 08:14:59,35.3042
2016-09-12 08:29:59,31.1167
2016-09-12 08:44:59,29.7458
2016-09-12 08:59:59,30.1125
2016-09-12 09:14:59,33.6458
2016-09-12 09:29:59,34.0
2016-09-12 09:44:59,30.4542
2016-09-12 09:59:59,32.0542
2016-09-12 10:14:59,31.8458
2016-09-12 10:29:59,28.2042
2016-09-12 10:44:59,31.8167
2016-09-12 10:59:59,31.0
2016-09-12 11:14:59,27.2792
2016-09-12 11:29:59,26.65
2016-09-12 11:44:59,31.2625
2016-09-12 11:59:59,33.8833
2016-09-12 12:14:59,33.8917
2016-09-12 12:29:59,29.4958
2016-09-12 12:44:59,32.9292
2016-09-12 12:59:59,31.0583
2016-09-12 13:14:59,28.2
2016-09-12 13:29:59,32.7083
2016-09-12 13:44:59,30.0208
2016-09-12 13:59:59,27.0375
2016-09-12 14:14:59,26.5958
2016-09-12 14:29:59,32.5375
2016-09-12 14:44:59,34.05
2016-09-12 14:59:59,33.45
2016-09-12 15:14:59,29.3375
2016-09-12 15:29:59,33.4
2016-09-12 15:44:59,30.2083
2016-09-12 15:59:59,28.6833
2016-09-12 16:14:59,32.9792
2016-09-12 16:29:59,28.975
2016-09-12 16:44:59,26.9875
2016-09-12 16:59:59,26.9583
2016-09-12 17:14:59,33.2333
2016-09-12 17:29:59,34.8625
2016-09-12 17:44:59,39.7875
2016-09-12 17:59:59,36.8917
2016-09-12 18:14:59,40.4792
2016-09-12 18:29:59,51.25
2016-09-12 18:44:59,51.7333
2016-09-12 18:59:59,62.825
2016-09-12 19:14:59,67.0375
2016-09-12 19:29:59,338.587
2016-09-12 19:44:59,266.663
2016-09-12 19:59:59,59.3
2016-09-12 20:14:59,61.4417
2016-09-12 20:29:59,90.8917
2016-09-12 20:44:59,78.1417
2016-09-12 20:59:59,66.5125
2016-09-12 21:14:59,61.5917
2016-09-12 21:29:59,63.8292
2016-09-12 21:44:59,72.2042
2016-09-12 21:59:59,332.171
2016-09-12 22:14:59,343.408
2016-09-12 22:29:59,330.388
2016-09-12 22:44:59,330.087
2016-09-12 22:59:59,484.225
2016-09-12 23:14:59,488.125
2016-09-12 23:29:59,491.725
2016-09-12 23:44:59,430.096
2016-09-12 23:59:59,321.663
2016-09-13 00:14:59,298.071
2016-09-13 00:29:59,295.842
2016-09-13 00:44:59,290.367
2016-09-13 00:59:59,268.858
2016-09-13 01:14:59,209.854
2016-09-13 01:29:59,297.375
2016-09-13 01:44:59,177.996
2016-09-13 01:59:59,291.567
2016-09-13 02:14:59,262.658
2016-09-13 02:29:59,213.892
2016-09-13 02:44:59,177.217
2016-09-13 02:59:59,294.942
2016-09-13 03:14:59,156.212
2016-09-13 03:29:59,177.221
2016-09-13 03:44:59,281.996
2016-09-13 03:59:59,141.054
2016-09-13 04:14:59,150.062
2016-09-13 04:29:59,50.6833
2016-09-13 04:44:59,29.0583
2016-09-13 04:59:59,33.3
2016-09-13 05:14:59,30.65
2016-09-13 05:29:59,28.4625
2016-09-13 05:44:59,32.8875
2016-09-13 05:59:59,29.4333
2016-09-13 06:14:59,27.05
2016-09-13 06:29:59,26.6417
2016-09-13 06:44:59,32.9625
2016-09-13 06:59:59,34.1458
2016-09-13 07:14:59,33.15
2016-09-13 07:29:59,29.5875
2016-09-13 07:44:59,33.4083
2016-09-13 07:59:59,29.7375
2016-09-13 08:14:59,29.1542
2016-09-13 08:29:59,35.7458
2016-09-13 08:44:59,31.9708
2016-09-13 08:59:59,42.6208
2016-09-13 09:14:59,148.137
2016-09-13 09:29:59,41.9958
2016-09-13 09:44:59,34.2625
2016-09-13 09:59:59,32.2833
2016-09-13 10:14:59,30.2375
2016-09-13 10:29:59,33.325
2016-09-13 10:44:59,28.9292
2016-09-13 10:59:59,30.0083
2016-09-13 11:14:59,32.4708
2016-09-13 11:29:59,27.8333
2016-09-13 11:44:59,26.875
2016-09-13 11:59:59,28.7417
2016-09-13 12:14:59,33.5458
2016-09-13 12:29:59,34.1875
2016-09-13 12:44:59,31.3958
2016-09-13 12:59:59,31.1458
2016-09-13 13:14:59,32.5667
2016-09-13 13:29:59,28.6
2016-09-13 13:44:59,30.8625
2016-09-13 13:59:59,31.7292
2016-09-13 14:14:59,27.575
2016-09-13 14:29:59,26.6458
2016-09-13 14:44:59,30.0833
2016-09-13 14:59:59,33.7833
2016-09-13 15:14:59,34.0625
2016-09-13 15:29:59,30.3667
2016-09-13 15:44:59,32.0417
2016-09-13 15:59:59,31.7833
2016-09-13 16:14:59,28.3125
2016-09-13 16:29:59,31.9333
2016-09-13 16:44:59,30.8333
2016-09-13 16:59:59,27.3917
2016-09-13 17:14:59,26.4333
2016-09-13 17:29:59,31.4292
2016-09-13 17:44:59,33.9
2016-09-13 17:59:59,33.9667
2016-09-13 18:14:59,29.3708
2016-09-13 18:29:59,32.9542
2016-09-13 18:44:59,31.0708
2016-09-13 18:59:59,30.1208
2016-09-13 19:14:59,41.85
2016-09-13 19:29:59,40.4542
2016-09-13 19:44:59,48.1542
2016-09-13 19:59:59,53.5417
2016-09-13 20:14:59,311.879
2016-09-13 20:29:59,391.754
2016-09-13 20:44:59,164.483
2016-09-13 20:59:59,75.3708
2016-09-13 21:14:59,77.225
2016-09-13 21:29:59,83.1667
2016-09-13 21:44:59,312.075
2016-09-13 21:59:59,373.737
2016-09-13 22:14:59,365.875
2016-09-13 22:29:59,355.671
2016-09-13 22:44:59,503.829
2016-09-13 22:59:59,522.617
2016-09-13 23:14:59,484.204
2016-09-13 23:29:59,289.754
2016-09-13 23:44:59,333.333
2016-09-13 23:59:59,526.129
2016-09-14 00:14:59,307.288
2016-09-14 00:29:59,306.033
2016-09-14 00:44:59,307.612
2016-09-14 00:59:59,204.021
2016-09-14 01:14:59,305.212
2016-09-14 01:29:59,173.221
2016-09-14 01:44:59,294.8
2016-09-14 01:59:59,298.062
2016-09-14 02:14:59,179.079
2016-09-14 02:29:59,199.587
2016-09-14 02:44:59,275.925
2016-09-14 02:59:59,155.946
2016-09-14 03:14:59,211.267
2016-09-14 03:29:59,260.354
2016-09-14 03:44:59,132.613
2016-09-14 03:59:59,174.108
2016-09-14 04:14:59,157.742
2016-09-14 04:29:59,33.7292
2016-09-14 04:44:59,34.1292
2016-09-14 04:59:59,30.775
2016-09-14 05:14:59,31.6083
2016-09-14 05:29:59,32.2583
2016-09-14 05:44:59,28.3833
2016-09-14 05:59:59,31.4125
2016-09-14 06:14:59,31.3208
2016-09-14 06:29:59,27.2917
2016-09-14 06:44:59,26.5833
2016-09-14 06:59:59,34.9875
2016-09-14 07:14:59,50.325
2016-09-14 07:29:59,50.3708
2016-09-14 07:44:59,46.3458
2016-09-14 07:59:59,38.6792
2016-09-14 08:14:59,31.4167
2016-09-14 08:29:59,28.1667
2016-09-14 08:44:59,96.2542
2016-09-14 08:59:59,108.067
2016-09-14 09:14:59,27.0708
2016-09-14 09:29:59,27.2667
2016-09-14 09:44:59,35.575
2016-09-14 09:59:59,37.6042
2016-09-14 10:14:59,37.25
2016-09-14 10:29:59,32.5625
2016-09-14 10:44:59,36.8667
2016-09-14 10:59:59,34.1125
2016-09-14 11:14:59,31.9958
2016-09-14 11:29:59,34.5583
2016-09-14 11:44:59,29.3167
2016-09-14 11:59:59,26.9583
2016-09-14 12:14:59,26.6375
2016-09-14 12:29:59,33.1458
2016-09-14 12:44:59,34.225
2016-09-14 12:59:59,32.9625
2016-09-14 13:14:59,29.65
2016-09-14 13:29:59,33.5083
2016-09-14 13:44:59,29.7125
2016-09-14 13:59:59,29.1292
2016-09-14 14:14:59,33.0167
2016-09-14 14:29:59,28.3458
2016-09-14 14:44:59,26.7583
2016-09-14 14:59:59,27.5542
2016-09-14 15:14:59,33.6625
2016-09-14 15:29:59,34.2125
2016-09-14 15:44:59,32.15
2016-09-14 15:59:59,30.3333
2016-09-14 16:14:59,33.3667
2016-09-14 16:29:59,28.825
2016-09-14 16:44:59,30.0292
2016-09-14 16:59:59,32.4375
2016-09-14 17:14:59,29.5417
2016-09-14 17:29:59,30.3125
2016-09-14 17:44:59,32.5125
2016-09-14 17:59:59,37.1625
2016-09-14 18:14:59,49.675
2016-09-14 18:29:59,51.2083
2016-09-14 18:44:59,45.8
2016-09-14 18:59:59,36.1083
2016-09-14 19:14:59,32.0042
2016-09-14 19:29:59,34.9375
2016-09-14 19:44:59,38.6917
2016-09-14 19:59:59,138.083
2016-09-14 20:14:59,361.237
2016-09-14 20:29:59,75.4083
2016-09-14 20:44:59,46.9792
2016-09-14 20:59:59,220.375
2016-09-14 21:14:59,319.562
2016-09-14 21:29:59,320.233
2016-09-14 21:44:59,316.679
2016-09-14 21:59:59,318.204
2016-09-14 22:14:59,343.467
2016-09-14 22:29:59,344.358
2016-09-14 22:44:59,332.108
2016-09-14 22:59:59,321.642
2016-09-14 23:14:59,516.671
2016-09-14 23:29:59,512.1
2016-09-14 23:44:59,372.171
2016-09-14 23:59:59,324.921
2016-09-15 00:14:59,211.45
2016-09-15 00:29:59,314.608
2016-09-15 00:44:59,222.021
2016-09-15 00:59:59,271.596
2016-09-15 01:14:59,295.467
2016-09-15 01:29:59,177.283
2016-09-15 01:44:59,241.512
2016-09-15 01:59:59,234.917
2016-09-15 02:14:59,187.421
2016-09-15 02:29:59,236.812
2016-09-15 02:44:59,216.562
2016-09-15 02:59:59,141.346
2016-09-15 03:14:59,220.017
2016-09-15 03:29:59,213.788
2016-09-15 03:44:59,136.629
2016-09-15 03:59:59,137.5
2016-09-15 04:14:59,128.817
2016-09-15 04:29:59,27.2125
2016-09-15 04:44:59,33.4125
2016-09-15 04:59:59,34.175
2016-09-15 05:14:59,32.5125
2016-09-15 05:29:59,30.0875
2016-09-15 05:44:59,33.5792
2016-09-15 05:59:59,29.1042
2016-09-15 06:14:59,29.6292
2016-09-15 06:29:59,32.7167
2016-09-15 06:44:59,27.9
2016-09-15 06:59:59,26.7792
2016-09-15 07:14:59,28.4292
2016-09-15 07:29:59,40.4958
2016-09-15 07:44:59,144.471
2016-09-15 07:59:59,48.1875
2016-09-15 08:14:59,42.3708
2016-09-15 08:29:59,32.8792
2016-09-15 08:44:59,28.675
2016-09-15 08:59:59,30.5208
2016-09-15 09:14:59,31.9042
2016-09-15 09:29:59,27.5958
2016-09-15 09:44:59,26.875
2016-09-15 09:59:59,30.6667
2016-09-15 10:14:59,37.1333
2016-09-15 10:29:59,37.5625
2016-09-15 10:44:59,34.2333
2016-09-15 10:59:59,35.3125
2016-09-15 11:14:59,32.4083
2016-09-15 11:29:59,28.3292
2016-09-15 11:44:59,31.5667
2016-09-15 11:59:59,31.1458
2016-09-15 12:14:59,27.3
2016-09-15 12:29:59,26.6167
2016-09-15 12:44:59,31.0125
2016-09-15 12:59:59,33.8542
2016-09-15 13:14:59,33.8833
2016-09-15 13:29:59,29.775
2016-09-15 13:44:59,32.6708
2016-09-15 13:59:59,31.3458
2016-09-15 14:14:59,28.1667
2016-09-15 14:29:59,32.4583
2016-09-15 14:44:59,30.2083
2016-09-15 14:59:59,27.1208
2016-09-15 15:14:59,26.5583
2016-09-15 15:29:59,32.2458
2016-09-15 15:44:59,33.9792
2016-09-15 15:59:59,33.7542
2016-09-15 16:14:59,29.1458
2016-09-15 16:29:59,33.4542
2016-09-15 16:44:59,30.4625
2016-09-15 16:59:59,28.6
2016-09-15 17:14:59,32.7958
2016-09-15 17:29:59,29.2375
2016-09-15 17:44:59,27.2
2016-09-15 17:59:59,30.3208
2016-09-15 18:14:59,195.004
2016-09-15 18:29:59,302.042
2016-09-15 18:44:59,39.9
2016-09-15 18:59:59,53.875
2016-09-15 19:14:59,73.4458
2016-09-15 19:29:59,73.1042
2016-09-15 19:44:59,75.0958
2016-09-15 19:59:59,77.1583
2016-09-15 20:14:59,74.1875
2016-09-15 20:29:59,69.5208
2016-09-15 20:44:59,70.3375
2016-09-15 20:59:59,76.1792
2016-09-15 21:14:59,76.85
2016-09-15 21:29:59,242.217
2016-09-15 21:44:59,589.925
2016-09-15 21:59:59,1091.31
2016-09-15 22:14:59,405.492
2016-09-15 22:29:59,348.496
2016-09-15 22:44:59,345.896
2016-09-15 22:59:59,340.854
2016-09-15 23:14:59,329.217
2016-09-15 23:29:59,264.029
2016-09-15 23:44:59,322.875
2016-09-15 23:59:59,317.612
2016-09-16 00:14:59,293.087
2016-09-16 00:29:59,295.054
2016-09-16 00:44:59,277.233
2016-09-16 00:59:59,210.337
2016-09-16 01:14:59,297.212
2016-09-16 01:29:59,178.229
2016-09-16 01:44:59,291.271
2016-09-16 01:59:59,256.879
2016-09-16 02:14:59,212.788
2016-09-16 02:29:59,182.846
2016-09-16 02:44:59,296.513
2016-09-16 02:59:59,156.05
2016-09-16 03:14:59,182.292
2016-09-16 03:29:59,287.179
2016-09-16 03:44:59,137.321
2016-09-16 03:59:59,148.067
2016-09-16 04:14:59,221.146
2016-09-16 04:29:59,175.167
2016-09-16 04:44:59,156.896
2016-09-16 04:59:59,143.233
2016-09-16 05:14:59,145.121
2016-09-16 05:29:59,146.071
2016-09-16 05:44:59,138.921
2016-09-16 05:59:59,155.917
2016-09-16 06:14:59,30.9833
2016-09-16 06:29:59,28.2
2016-09-16 06:44:59,32.6958
2016-09-16 06:59:59,33.3083
2016-09-16 07:14:59,43.5708
2016-09-16 07:29:59,27.1042
2016-09-16 07:44:59,132.667
2016-09-16 07:59:59,75.775
2016-09-16 08:14:59,48.6458
2016-09-16 08:29:59,29.4958
2016-09-16 08:44:59,33.925
2016-09-16 08:59:59,33.5458
2016-09-16 09:14:59,31.2083
2016-09-16 09:29:59,32.9
2016-09-16 09:44:59,28.6083
2016-09-16 09:59:59,27.0042
2016-09-16 10:14:59,27.225
2016-09-16 10:29:59,33.4208
2016-09-16 10:44:59,34.175
2016-09-16 10:59:59,32.525
2016-09-16 11:14:59,30.1125
2016-09-16 11:29:59,33.4958
2016-09-16 11:44:59,29.075
2016-09-16 11:59:59,29.6167
2016-09-16 12:14:59,32.5542
2016-09-16 12:29:59,28.0417
2016-09-16 12:44:59,26.8542
2016-09-16 12:59:59,28.425
2016-09-16 13:14:59,33.575
2016-09-16 13:29:59,34.6508
2016-09-16 13:44:59,70.0792
2016-09-16 13:59:59,74.4708
2016-09-16 14:14:59,46.3833
2016-09-16 14:29:59,37.8875
2016-09-16 14:44:59,80.9333
2016-09-16 14:59:59,74.7792
2016-09-16 15:14:59,52.8583
2016-09-16 15:29:59,37.2583
2016-09-16 15:44:59,66.6083
2016-09-16 15:59:59,84.325
2016-09-16 16:14:59,65.4256
2016-09-16 16:29:59,30.6208
2016-09-16 16:44:59,31.8625
2016-09-16 16:59:59,32.025
2016-09-16 17:14:59,28.2292
2016-09-16 17:29:59,31.5417
2016-09-16 17:44:59,31.2083
2016-09-16 17:59:59,27.3458
2016-09-16 18:14:59,29.6292
2016-09-16 18:29:59,43.8167
2016-09-16 18:44:59,64.2083
2016-09-16 18:59:59,375.558
2016-09-16 19:14:59,371.225
2016-09-16 19:29:59,204.358
2016-09-16 19:44:59,45.3708
2016-09-16 19:59:59,42.0458
2016-09-16 20:14:59,58.5792
2016-09-16 20:29:59,63.5417
2016-09-16 20:44:59,226.229
2016-09-16 20:59:59,1034.25
2016-09-16 21:14:59,1038.88
2016-09-16 21:29:59,1037.35
2016-09-16 21:44:59,433.896
2016-09-16 21:59:59,358.954
2016-09-16 22:14:59,362.171
2016-09-16 22:29:59,362.05
2016-09-16 22:44:59,465.321
2016-09-16 22:59:59,525.075
2016-09-16 23:14:59,519.088
2016-09-16 23:29:59,437.825
2016-09-16 23:44:59,332.062
2016-09-16 23:59:59,230.15
2016-09-17 00:14:59,299.55
2016-09-17 00:29:59,221.633
2016-09-17 00:44:59,247.113
2016-09-17 00:59:59,296.55
2016-09-17 01:14:59,177.15
2016-09-17 01:29:59,254.758
2016-09-17 01:44:59,219.129
2016-09-17 01:59:59,192.079
2016-09-17 02:14:59,227.675
2016-09-17 02:29:59,199.383
2016-09-17 02:44:59,140.188
2016-09-17 02:59:59,236.633
2016-09-17 03:14:59,204.0
2016-09-17 03:29:59,135.175
2016-09-17 03:44:59,141.396
2016-09-17 03:59:59,144.492
2016-09-17 04:14:59,174.071
2016-09-17 04:29:59,174.967
2016-09-17 04:44:59,165.55
2016-09-17 04:59:59,150.467
2016-09-17 05:14:59,157.567
2016-09-17 05:29:59,34.65
2016-09-17 05:44:59,34.1792
2016-09-17 05:59:59,31.0667
2016-09-17 06:14:59,31.4083
2016-09-17 06:29:59,32.4583
2016-09-17 06:44:59,28.3333
2016-09-17 06:59:59,31.1167
2016-09-17 07:14:59,164.512
2016-09-17 07:29:59,35.975
2016-09-17 07:44:59,41.9875
2016-09-17 07:59:59,30.4625
2016-09-17 08:14:59,33.8708
2016-09-17 08:29:59,36.9333
2016-09-17 08:44:59,33.6333
2016-09-17 08:59:59,34.7
2016-09-17 09:14:59,31.5125
2016-09-17 09:29:59,28.1042
2016-09-17 09:44:59,32.2375
2016-09-17 09:59:59,30.6417
2016-09-17 10:14:59,27.1583
2016-09-17 10:29:59,26.4708
2016-09-17 10:44:59,31.8625
2016-09-17 10:59:59,34.0167
2016-09-17 11:14:59,33.9292
2016-09-17 11:29:59,29.1042
2016-09-17 11:44:59,33.3333
2016-09-17 11:59:59,30.7458
2016-09-17 12:14:59,28.2792
2016-09-17 12:29:59,32.7125
2016-09-17 12:44:59,29.7042
2016-09-17 12:59:59,27.0
2016-09-17 13:14:59,26.5333
2016-09-17 13:29:59,32.9417
2016-09-17 13:44:59,34.2292
2016-09-17 13:59:59,33.2
2016-09-17 14:14:59,29.5708
2016-09-17 14:29:59,33.35
2016-09-17 14:44:59,29.8708
2016-09-17 14:59:59,28.9042
2016-09-17 15:14:59,33.0458
2016-09-17 15:29:59,28.5917
2016-09-17 15:44:59,26.825
2016-09-17 15:59:59,27.3125
2016-09-17 16:14:59,33.5292
2016-09-17 16:29:59,34.2875
2016-09-17 16:44:59,32.4083
2016-09-17 16:59:59,30.175
2016-09-17 17:14:59,33.4042
2016-09-17 17:29:59,28.9792
2016-09-17 17:44:59,29.6875
2016-09-17 17:59:59,32.6625
2016-09-17 18:14:59,27.8958
2016-09-17 18:29:59,157.653
2016-09-17 18:44:59,195.15
2016-09-17 18:59:59,69.7792
2016-09-17 19:14:59,81.2083
2016-09-17 19:29:59,78.6042
2016-09-17 19:44:59,76.1625
2016-09-17 19:59:59,76.1875
2016-09-17 20:14:59,72.025
2016-09-17 20:29:59,74.3083
2016-09-17 20:44:59,172.308
2016-09-17 20:59:59,424.183
2016-09-17 21:14:59,349.375
2016-09-17 21:29:59,361.725
2016-09-17 21:44:59,362.254
2016-09-17 21:59:59,366.383
2016-09-17 22:14:59,403.188
2016-09-17 22:29:59,520.783
2016-09-17 22:44:59,498.033
2016-09-17 22:59:59,444.212
2016-09-17 23:14:59,330.038
2016-09-17 23:29:59,317.396
2016-09-17 23:44:59,301.746
2016-09-17 23:59:59,298.029
2016-09-18 00:14:59,194.387
2016-09-18 00:29:59,301.788
2016-09-18 00:44:59,203.663
2016-09-18 00:59:59,271.4
2016-09-18 01:14:59,298.367
2016-09-18 01:29:59,181.392
2016-09-18 01:44:59,234.596
2016-09-18 01:59:59,243.433
2016-09-18 02:14:59,174.583
2016-09-18 02:29:59,230.479
2016-09-18 02:44:59,220.508
2016-09-18 02:59:59,138.204
2016-09-18 03:14:59,215.729
2016-09-18 03:29:59,50.35
2016-09-18 03:44:59,29.3083
2016-09-18 03:59:59,33.3
2016-09-18 04:14:59,30.2792
2016-09-18 04:29:59,28.6167
2016-09-18 04:44:59,32.975
2016-09-18 04:59:59,29.0792
2016-09-18 05:14:59,26.8875
2016-09-18 05:29:59,26.9208
2016-09-18 05:44:59,33.3
2016-09-18 05:59:59,34.2
2016-09-18 06:14:59,32.8625
2016-09-18 06:29:59,29.7583
2016-09-18 06:44:59,33.4625
2016-09-18 06:59:59,29.3167
2016-09-18 07:14:59,29.5
2016-09-18 07:29:59,32.8167
2016-09-18 07:44:59,33.9125
2016-09-18 07:59:59,30.3708
2016-09-18 08:14:59,28.0167
2016-09-18 08:29:59,33.6625
2016-09-18 08:44:59,34.1375
2016-09-18 08:59:59,32.0083
2016-09-18 09:14:59,30.5708
2016-09-18 09:29:59,33.05
2016-09-18 09:44:59,579.892
2016-09-18 09:59:59,784.308
2016-09-18 10:14:59,380.367
2016-09-18 10:29:59,27.6458
2016-09-18 10:44:59,26.8208
2016-09-18 10:59:59,29.35
2016-09-18 11:14:59,33.6292
2016-09-18 11:29:59,34.1417
2016-09-18 11:44:59,30.9875
2016-09-18 11:59:59,31.45
2016-09-18 12:14:59,32.2542
2016-09-18 12:29:59,28.5042
2016-09-18 12:44:59,31.2417
2016-09-18 12:59:59,31.3708
2016-09-18 13:14:59,27.4208
2016-09-18 13:29:59,26.7292
2016-09-18 13:44:59,30.6583
2016-09-18 13:59:59,33.8083
2016-09-18 14:14:59,33.9708
2016-09-18 14:29:59,78.8244
2016-09-18 14:44:59,60.6583
2016-09-18 14:59:59,107.875
2016-09-18 15:14:59,79.0875
2016-09-18 15:29:59,53.3083
2016-09-18 15:44:59,90.4
2016-09-18 15:59:59,47.7042
2016-09-18 16:14:59,94.5958
2016-09-18 16:29:59,83.4333
2016-09-18 16:44:59,76.2042
2016-09-18 16:59:59,93.0875
2016-09-18 17:14:59,81.725
2016-09-18 17:29:59,76.6654
2016-09-18 17:44:59,30.7667
2016-09-18 17:59:59,28.4417
2016-09-18 18:14:59,33.4292
2016-09-18 18:29:59,36.5
2016-09-18 18:44:59,208.913
2016-09-18 18:59:59,361.258
2016-09-18 19:14:59,40.025
2016-09-18 19:29:59,43.3542
2016-09-18 19:44:59,43.7
2016-09-18 19:59:59,39.9667
2016-09-18 20:14:59,43.9292
2016-09-18 20:29:59,48.7833
2016-09-18 20:44:59,263.492
2016-09-18 20:59:59,339.533
2016-09-18 21:14:59,351.688
2016-09-18 21:29:59,353.1
2016-09-18 21:44:59,360.837
2016-09-18 21:59:59,363.392
2016-09-18 22:14:59,364.138
2016-09-18 22:29:59,319.7
2016-09-18 22:44:59,346.833
2016-09-18 22:59:59,361.029
2016-09-18 23:14:59,351.975
2016-09-18 23:29:59,479.763
2016-09-18 23:44:59,499.638
2016-09-18 23:59:59,879.121
2016-09-19 00:14:59,341.121
2016-09-19 00:29:59,174.358
2016-09-19 00:44:59,294.358
2016-09-19 00:59:59,297.7
2016-09-19 01:14:59,178.754
2016-09-19 01:29:59,212.929
2016-09-19 01:44:59,262.521
2016-09-19 01:59:59,156.438
2016-09-19 02:14:59,224.025
2016-09-19 02:29:59,246.867
2016-09-19 02:44:59,132.692
2016-09-19 02:59:59,187.129
2016-09-19 03:14:59,232.113
2016-09-19 03:29:59,34.1417
2016-09-19 03:44:59,34.0375
2016-09-19 03:59:59,30.3667
2016-09-19 04:14:59,31.9792
2016-09-19 04:29:59,31.9083
2016-09-19 04:44:59,28.3167
2016-09-19 04:59:59,31.7042
2016-09-19 05:14:59,30.9625
2016-09-19 05:29:59,27.3292
2016-09-19 05:44:59,26.6
2016-09-19 05:59:59,31.375
2016-09-19 06:14:59,33.9083
2016-09-19 06:29:59,33.9542
2016-09-19 06:44:59,29.3833
2016-09-19 06:59:59,32.8667
2016-09-19 07:14:59,31.1583
2016-09-19 07:29:59,28.2125
2016-09-19 07:44:59,32.6458
2016-09-19 07:59:59,33.2167
2016-09-19 08:14:59,110.275
2016-09-19 08:29:59,117.7
2016-09-19 08:44:59,49.275
2016-09-19 08:59:59,34.1875
2016-09-19 09:14:59,44.1167
2016-09-19 09:29:59,39.6208
2016-09-19 09:44:59,45.7417
2016-09-19 09:59:59,33.0833
2016-09-19 10:14:59,28.6708
2016-09-19 10:29:59,32.8792
2016-09-19 10:44:59,29.0375
2016-09-19 10:59:59,26.95
2016-09-19 11:14:59,27.0333
2016-09-19 11:29:59,33.2958
2016-09-19 11:44:59,34.2625
2016-09-19 11:59:59,32.6625
2016-09-19 12:14:59,29.8792
2016-09-19 12:29:59,33.4292
2016-09-19 12:44:59,29.3375
2016-09-19 12:59:59,29.5
2016-09-19 13:14:59,32.7583
2016-09-19 13:29:59,28.0792
2016-09-19 13:44:59,26.8917
2016-09-19 13:59:59,28.075
2016-09-19 14:14:59,33.65
2016-09-19 14:29:59,34.125
2016-09-19 14:44:59,31.8583
2016-09-19 14:59:59,30.5833
2016-09-19 15:14:59,33.1292
2016-09-19 15:29:59,28.725
2016-09-19 15:44:59,30.275
2016-09-19 15:59:59,32.1292
2016-09-19 16:14:59,27.7417
2016-09-19 16:29:59,26.8917
2016-09-19 16:44:59,29.3583
2016-09-19 16:59:59,33.7042
2016-09-19 17:14:59,34.1167
2016-09-19 17:29:59,30.8
2016-09-19 17:44:59,34.5833
2016-09-19 17:59:59,35.8417
2016-09-19 18:14:59,47.8583
2016-09-19 18:29:59,54.45
2016-09-19 18:44:59,78.1042
2016-09-19 18:59:59,71.1625
2016-09-19 19:14:59,269.862
2016-09-19 19:29:59,188.875
2016-09-19 19:44:59,218.871
2016-09-19 19:59:59,316.046
2016-09-19 20:14:59,310.854
2016-09-19 20:29:59,310.425
2016-09-19 20:44:59,307.292
2016-09-19 20:59:59,302.242
2016-09-19 21:14:59,317.408
2016-09-19 21:29:59,393.1
2016-09-19 21:44:59,461.417
2016-09-19 21:59:59,520.633
2016-09-19 22:14:59,366.996
2016-09-19 22:29:59,354.288
2016-09-19 22:44:59,352.504
2016-09-19 22:59:59,250.587
2016-09-19 23:14:59,360.696
2016-09-19 23:29:59,261.758
2016-09-19 23:44:59,321.65
2016-09-19 23:59:59,353.008
2016-09-20 00:14:59,192.617
2016-09-20 00:29:59,250.667
2016-09-20 00:44:59,245.538
2016-09-20 00:59:59,195.029
2016-09-20 01:14:59,247.271
2016-09-20 01:29:59,222.008
2016-09-20 01:44:59,135.512
2016-09-20 01:59:59,219.192
2016-09-20 02:14:59,218.9
2016-09-20 02:29:59,132.55
2016-09-20 02:44:59,141.854
2016-09-20 02:59:59,139.558
2016-09-20 03:14:59,158.913
2016-09-20 03:29:59,170.046
2016-09-20 03:44:59,171.438
2016-09-20 03:59:59,157.808
2016-09-20 04:14:59,32.8958
2016-09-20 04:29:59,30.225
2016-09-20 04:44:59,33.4
2016-09-20 04:59:59,28.9167
2016-09-20 05:14:59,29.8833
2016-09-20 05:29:59,32.4583
2016-09-20 05:44:59,27.8958
2016-09-20 05:59:59,26.825
2016-09-20 06:14:59,38.225
2016-09-20 06:29:59,50.025
2016-09-20 06:44:59,50.6083
2016-09-20 06:59:59,47.1708
2016-09-20 07:14:59,79.9167
2016-09-20 07:29:59,116.958
2016-09-20 07:44:59,28.4625
2016-09-20 07:59:59,30.8375
2016-09-20 08:14:59,31.7667
2016-09-20 08:29:59,27.65
2016-09-20 08:44:59,26.6833
2016-09-20 08:59:59,30.1458
2016-09-20 09:14:59,33.7708
2016-09-20 09:29:59,33.9125
2016-09-20 09:44:59,30.3417
2016-09-20 09:59:59,34.2458
2016-09-20 10:14:59,35.2583
2016-09-20 10:29:59,31.7125
2016-09-20 10:44:59,34.7875
2016-09-20 10:59:59,30.9333
2016-09-20 11:14:59,27.2792
2016-09-20 11:29:59,26.5458
2016-09-20 11:44:59,31.4792
2016-09-20 11:59:59,33.8375
2016-09-20 12:14:59,33.8417
2016-09-20 12:29:59,29.4708
2016-09-20 12:44:59,33.0292
2016-09-20 12:59:59,31.0083
2016-09-20 13:14:59,28.1917
2016-09-20 13:29:59,32.7292
2016-09-20 13:44:59,29.9042
2016-09-20 13:59:59,27.0708
2016-09-20 14:14:59,26.5208
2016-09-20 14:29:59,32.7333
2016-09-20 14:44:59,34.05
2016-09-20 14:59:59,33.4125
2016-09-20 15:14:59,29.2958
2016-09-20 15:29:59,33.4542
2016-09-20 15:44:59,30.1583
2016-09-20 15:59:59,28.675
2016-09-20 16:14:59,32.9875
2016-09-20 16:29:59,28.9458
2016-09-20 16:44:59,26.8667
2016-09-20 16:59:59,27.15
2016-09-20 17:14:59,33.2792
2016-09-20 17:29:59,36.6958
2016-09-20 17:44:59,36.125
2016-09-20 17:59:59,35.1083
2016-09-20 18:14:59,55.8958
2016-09-20 18:29:59,256.883
2016-09-20 18:44:59,399.929
2016-09-20 18:59:59,405.429
2016-09-20 19:14:59,94.1625
2016-09-20 19:29:59,69.2625
2016-09-20 19:44:59,70.5792
2016-09-20 19:59:59,72.8542
2016-09-20 20:14:59,72.825
2016-09-20 20:29:59,71.2625
2016-09-20 20:44:59,79.8542
2016-09-20 20:59:59,93.0
2016-09-20 21:14:59,362.183
2016-09-20 21:29:59,364.496
2016-09-20 21:44:59,513.267
2016-09-20 21:59:59,506.087
2016-09-20 22:14:59,331.025
2016-09-20 22:29:59,319.967
2016-09-20 22:44:59,322.892
2016-09-20 22:59:59,911.867
2016-09-20 23:14:59,987.017
2016-09-20 23:29:59,805.629
2016-09-20 23:44:59,296.767
2016-09-20 23:59:59,291.967
2016-09-21 00:14:59,259.05
2016-09-21 00:29:59,228.904
2016-09-21 00:44:59,290.642
2016-09-21 00:59:59,170.333
2016-09-21 01:14:59,292.692
2016-09-21 01:29:59,246.671
2016-09-21 01:44:59,234.158
2016-09-21 01:59:59,177.975
2016-09-21 02:14:59,295.725
2016-09-21 02:29:59,157.146
2016-09-21 02:44:59,177.375
2016-09-21 02:59:59,271.421
2016-09-21 03:14:59,156.292
2016-09-21 03:29:59,142.904
2016-09-21 03:44:59,200.458
2016-09-21 03:59:59,179.938
2016-09-21 04:14:59,181.333
2016-09-21 04:29:59,34.7458
2016-09-21 04:44:59,29.1125
2016-09-21 04:59:59,33.3292
2016-09-21 05:14:59,30.5375
2016-09-21 05:29:59,28.5458
2016-09-21 05:44:59,32.8292
2016-09-21 05:59:59,29.4167
2016-09-21 06:14:59,26.9583
2016-09-21 06:29:59,26.7875
2016-09-21 06:44:59,32.9958
2016-09-21 06:59:59,34.2
2016-09-21 07:14:59,32.975
2016-09-21 07:29:59,29.7
2016-09-21 07:44:59,33.4833
2016-09-21 07:59:59,30.2625
2016-09-21 08:14:59,141.587
2016-09-21 08:29:59,36.5167
2016-09-21 08:44:59,31.8208
2016-09-21 08:59:59,28.8
2016-09-21 09:14:59,27.5167
2016-09-21 09:29:59,33.55
2016-09-21 09:44:59,34.175
2016-09-21 09:59:59,32.25
2016-09-21 10:14:59,30.3583
2016-09-21 10:29:59,33.2167
2016-09-21 10:44:59,28.8875
2016-09-21 10:59:59,30.0167
2016-09-21 11:14:59,32.4875
2016-09-21 11:29:59,27.75
2016-09-21 11:44:59,26.925
2016-09-21 11:59:59,28.9125
2016-09-21 12:14:59,33.5625
2016-09-21 12:29:59,34.0583
2016-09-21 12:44:59,31.3417
2016-09-21 12:59:59,31.2458
2016-09-21 13:14:59,32.5458
2016-09-21 13:29:59,28.4542
2016-09-21 13:44:59,31.0333
2016-09-21 13:59:59,31.6167
2016-09-21 14:14:59,27.5792
2016-09-21 14:29:59,26.6958
2016-09-21 14:44:59,30.1792
2016-09-21 14:59:59,33.6958
2016-09-21 15:14:59,34.0875
2016-09-21 15:29:59,30.3
2016-09-21 15:44:59,32.1708
2016-09-21 15:59:59,31.6292
2016-09-21 16:14:59,28.3125
2016-09-21 16:29:59,32.05
2016-09-21 16:44:59,30.7542
2016-09-21 16:59:59,27.275
2016-09-21 17:14:59,26.5583
2016-09-21 17:29:59,31.475
2016-09-21 17:44:59,33.9125
2016-09-21 17:59:59,33.9417
2016-09-21 18:14:59,30.1917
2016-09-21 18:29:59,36.5708
2016-09-21 18:44:59,34.4333
2016-09-21 18:59:59,31.8917
2016-09-21 19:14:59,38.6542
2016-09-21 19:29:59,33.2917
2016-09-21 19:44:59,44.7208
2016-09-21 19:59:59,275.554
2016-09-21 20:14:59,404.033
2016-09-21 20:29:59,377.054
2016-09-21 20:44:59,174.504
2016-09-21 20:59:59,346.196
2016-09-21 21:14:59,355.546
2016-09-21 21:29:59,360.742
2016-09-21 21:44:59,360.388
2016-09-21 21:59:59,362.904
2016-09-21 22:14:59,357.625
2016-09-21 22:29:59,359.104
2016-09-21 22:44:59,461.125
2016-09-21 22:59:59,525.925
2016-09-21 23:14:59,519.217
2016-09-21 23:29:59,448.342
2016-09-21 23:44:59,337.658
2016-09-21 23:59:59,223.512
2016-09-22 00:14:59,300.913
2016-09-22 00:29:59,277.029
2016-09-22 00:44:59,195.25
2016-09-22 00:59:59,290.688
2016-09-22 01:14:59,175.975
2016-09-22 01:29:59,292.192
2016-09-22 01:44:59,180.363
2016-09-22 01:59:59,254.467
2016-09-22 02:14:59,201.567
2016-09-22 02:29:59,177.546
2016-09-22 02:44:59,187.467
2016-09-22 02:59:59,238.962
2016-09-22 03:14:59,147.054
2016-09-22 03:29:59,140.312
2016-09-22 03:44:59,146.208
2016-09-22 03:59:59,26.75
2016-09-22 04:14:59,29.5875
2016-09-22 04:29:59,33.6458
2016-09-22 04:44:59,34.1375
2016-09-22 04:59:59,30.7208
2016-09-22 05:14:59,31.7125
2016-09-22 05:29:59,32.1042
2016-09-22 05:44:59,28.4042
2016-09-22 05:59:59,31.4667
2016-09-22 06:14:59,31.2708
2016-09-22 06:29:59,27.3375
2016-09-22 06:44:59,26.5417
2016-09-22 06:59:59,30.925
2016-09-22 07:14:59,131.146
2016-09-22 07:29:59,107.037
2016-09-22 07:44:59,32.175
2016-09-22 07:59:59,32.6458
2016-09-22 08:14:59,31.3833
2016-09-22 08:29:59,28.1917
2016-09-22 08:44:59,32.5208
2016-09-22 08:59:59,30.8292
2016-09-22 09:14:59,30.6458
2016-09-22 09:29:59,29.9583
2016-09-22 09:44:59,35.6833
2016-09-22 09:59:59,37.5917
2016-09-22 10:14:59,37.2542
2016-09-22 10:29:59,32.6083
2016-09-22 10:44:59,35.5792
2016-09-22 10:59:59,30.575
2016-09-22 11:14:59,28.5375
2016-09-22 11:29:59,32.8458
2016-09-22 11:44:59,29.3
2016-09-22 11:59:59,26.9083
2016-09-22 12:14:59,26.6958
2016-09-22 12:29:59,33.1958
2016-09-22 12:44:59,34.2625
2016-09-22 12:59:59,32.9
2016-09-22 13:14:59,29.6458
2016-09-22 13:29:59,33.5375
2016-09-22 13:44:59,29.6
2016-09-22 13:59:59,29.2917
2016-09-22 14:14:59,32.9083
2016-09-22 14:29:59,28.375
2016-09-22 14:44:59,26.7167
2016-09-22 14:59:59,27.7125
2016-09-22 15:14:59,33.5375
2016-09-22 15:29:59,34.2625
2016-09-22 15:44:59,32.1125
2016-09-22 15:59:59,30.3833
2016-09-22 16:14:59,33.2292
2016-09-22 16:29:59,28.9
2016-09-22 16:44:59,30.0417
2016-09-22 16:59:59,32.4208
2016-09-22 17:14:59,27.6875
2016-09-22 17:29:59,26.8208
2016-09-22 17:44:59,28.9833
2016-09-22 17:59:59,33.7417
2016-09-22 18:14:59,34.1833
2016-09-22 18:29:59,34.6417
2016-09-22 18:44:59,37.4583
2016-09-22 18:59:59,46.5333
2016-09-22 19:14:59,41.5917
2016-09-22 19:29:59,64.9208
2016-09-22 19:44:59,108.525
2016-09-22 19:59:59,382.163
2016-09-22 20:14:59,377.617
2016-09-22 20:29:59,152.871
2016-09-22 20:44:59,64.3
2016-09-22 20:59:59,148.779
2016-09-22 21:14:59,738.325
2016-09-22 21:29:59,745.508
2016-09-22 21:44:59,193.988
2016-09-22 21:59:59,464.529
2016-09-22 22:14:59,534.296
2016-09-22 22:29:59,526.229
2016-09-22 22:44:59,487.717
2016-09-22 22:59:59,351.85
2016-09-22 23:14:59,345.521
2016-09-22 23:29:59,344.642
2016-09-22 23:44:59,286.567
2016-09-22 23:59:59,337.25
2016-09-23 00:14:59,315.167
2016-09-23 00:29:59,310.571
2016-09-23 00:44:59,303.087
2016-09-23 00:59:59,230.562
2016-09-23 01:14:59,258.688
2016-09-23 01:29:59,289.654
2016-09-23 01:44:59,169.875
2016-09-23 01:59:59,295.408
2016-09-23 02:14:59,216.521
2016-09-23 02:29:59,263.75
2016-09-23 02:44:59,177.046
2016-09-23 02:59:59,296.775
2016-09-23 03:14:59,156.238
2016-09-23 03:29:59,176.771
2016-09-23 03:44:59,242.817
2016-09-23 03:59:59,184.417
2016-09-23 04:14:59,142.325
2016-09-23 04:29:59,35.75
2016-09-23 04:44:59,33.4958
2016-09-23 04:59:59,34.175
2016-09-23 05:14:59,32.4125
2016-09-23 05:29:59,30.1625
2016-09-23 05:44:59,33.4708
2016-09-23 05:59:59,29.15
2016-09-23 06:14:59,32.1542
2016-09-23 06:29:59,49.2167
2016-09-23 06:44:59,44.05
2016-09-23 06:59:59,26.8292
2016-09-23 07:14:59,31.725
2016-09-23 07:29:59,37.175
2016-09-23 07:44:59,37.6375
2016-09-23 07:59:59,35.1042
2016-09-23 08:14:59,34.4
2016-09-23 08:29:59,36.3917
2016-09-23 08:44:59,30.7625
2016-09-23 08:59:59,130.525
2016-09-23 09:14:59,73.45
2016-09-23 09:29:59,42.95
2016-09-23 09:44:59,26.7
2016-09-23 09:59:59,38.6
2016-09-23 10:14:59,33.7083
2016-09-23 10:29:59,34.025
2016-09-23 10:44:59,30.6208
2016-09-23 10:59:59,31.9
2016-09-23 11:14:59,32.0625
2016-09-23 11:29:59,28.3042
2016-09-23 11:44:59,31.6292
2016-09-23 11:59:59,31.1458
2016-09-23 12:14:59,27.2333
2016-09-23 12:29:59,26.5375
2016-09-23 12:44:59,31.2
2016-09-23 12:59:59,33.8917
2016-09-23 13:14:59,33.8417
2016-09-23 13:29:59,29.65
2016-09-23 13:44:59,32.8125
2016-09-23 13:59:59,80.0452
2016-09-23 14:14:59,73.2708
2016-09-23 14:29:59,100.692
2016-09-23 14:44:59,72.4417
2016-09-23 14:59:59,56.5417
2016-09-23 15:14:59,78.0333
2016-09-23 15:29:59,69.9625
2016-09-23 15:44:59,93.5958
2016-09-23 15:59:59,78.9583
2016-09-23 16:14:59,85.9833
2016-09-23 16:29:59,80.2375
2016-09-23 16:44:59,78.5042
2016-09-23 16:59:59,79.8125
2016-09-23 17:14:59,99.7167
2016-09-23 17:29:59,29.1083
2016-09-23 17:44:59,27.5458
2016-09-23 17:59:59,30.3583
2016-09-23 18:14:59,36.7417
2016-09-23 18:29:59,38.5083
2016-09-23 18:44:59,52.7833
2016-09-23 18:59:59,51.0083
2016-09-23 19:14:59,60.5917
2016-09-23 19:29:59,293.508
2016-09-23 19:44:59,380.579
2016-09-23 19:59:59,170.521
2016-09-23 20:14:59,51.6583
2016-09-23 20:29:59,73.7
2016-09-23 20:44:59,84.5125
2016-09-23 20:59:59,98.2208
2016-09-23 21:14:59,99.0625
2016-09-23 21:29:59,97.1875
2016-09-23 21:44:59,92.9292
2016-09-23 21:59:59,324.346
2016-09-23 22:14:59,457.312
2016-09-23 22:29:59,1010.29
2016-09-23 22:44:59,1003.87
2016-09-23 22:59:59,500.617
2016-09-23 23:14:59,474.479
2016-09-23 23:29:59,476.837
2016-09-23 23:44:59,285.671
2016-09-23 23:59:59,316.204
2016-09-24 00:14:59,295.567
2016-09-24 00:29:59,293.583
2016-09-24 00:44:59,293.308
2016-09-24 00:59:59,287.783
2016-09-24 01:14:59,192.438
2016-09-24 01:29:59,295.85
2016-09-24 01:44:59,171.779
2016-09-24 01:59:59,288.054
2016-09-24 02:14:59,281.967
2016-09-24 02:29:59,194.087
2016-09-24 02:44:59,184.921
2016-09-24 02:59:59,291.196
2016-09-24 03:14:59,158.621
2016-09-24 03:29:59,191.358
2016-09-24 03:44:59,278.179
2016-09-24 03:59:59,137.113
2016-09-24 04:14:59,156.192
2016-09-24 04:29:59,229.242
2016-09-24 04:44:59,174.554
2016-09-24 04:59:59,141.246
2016-09-24 05:14:59,144.954
2016-09-24 05:29:59,145.6
2016-09-24 05:44:59,141.658
2016-09-24 05:59:59,163.529
2016-09-24 06:14:59,153.608
2016-09-24 06:29:59,28.3417
2016-09-24 06:44:59,32.6375
2016-09-24 06:59:59,29.5917
2016-09-24 07:14:59,27.1
2016-09-24 07:29:59,26.6208
2016-09-24 07:44:59,32.8542
2016-09-24 07:59:59,34.1667
2016-09-24 08:14:59,33.25
2016-09-24 08:29:59,29.5208
2016-09-24 08:44:59,33.45
2016-09-24 08:59:59,75.55
2016-09-24 09:14:59,125.554
2016-09-24 09:29:59,36.4333
2016-09-24 09:44:59,32.0542
2016-09-24 09:59:59,30.3875
2016-09-24 10:14:59,29.3083
2016-09-24 10:29:59,33.5042
2016-09-24 10:44:59,34.15
2016-09-24 10:59:59,32.4833
2016-09-24 11:14:59,30.1375
2016-09-24 11:29:59,33.4167
2016-09-24 11:44:59,29.1042
2016-09-24 11:59:59,29.6625
2016-09-24 12:14:59,32.5625
2016-09-24 12:29:59,27.8958
2016-09-24 12:44:59,26.8792
2016-09-24 12:59:59,28.5833
2016-09-24 13:14:59,52.3039
2016-09-24 13:29:59,78.5
2016-09-24 13:44:59,55.9875
2016-09-24 13:59:59,42.2542
2016-09-24 14:14:59,69.6417
2016-09-24 14:29:59,78.1708
2016-09-24 14:44:59,63.0833
2016-09-24 14:59:59,47.3708
2016-09-24 15:14:59,47.85
2016-09-24 15:29:59,73.85
2016-09-24 15:44:59,77.2833
2016-09-24 15:59:59,38.8403
2016-09-24 16:14:59,34.0125
2016-09-24 16:29:59,30.6333
2016-09-24 16:44:59,31.9125
2016-09-24 16:59:59,31.975
2016-09-24 17:14:59,28.3875
2016-09-24 17:29:59,35.15
2016-09-24 17:44:59,60.6923
2016-09-24 17:59:59,190.871
2016-09-24 18:14:59,109.775
2016-09-24 18:29:59,41.6958
2016-09-24 18:44:59,42.2542
2016-09-24 18:59:59,40.9542
2016-09-24 19:14:59,36.6625
2016-09-24 19:29:59,55.7375
2016-09-24 19:44:59,54.7417
2016-09-24 19:59:59,51.7375
2016-09-24 20:14:59,70.2625
2016-09-24 20:29:59,317.929
2016-09-24 20:44:59,673.742
2016-09-24 20:59:59,671.592
2016-09-24 21:14:59,400.683
2016-09-24 21:29:59,352.163
2016-09-24 21:44:59,353.421
2016-09-24 21:59:59,338.25
2016-09-24 22:14:59,344.192
2016-09-24 22:29:59,285.917
2016-09-24 22:44:59,501.404
2016-09-24 22:59:59,498.413
2016-09-24 23:14:59,444.083
2016-09-24 23:29:59,309.125
2016-09-24 23:44:59,209.288
2016-09-24 23:59:59,319.967
2016-09-25 00:14:59,278.946
2016-09-25 00:29:59,193.679
2016-09-25 00:44:59,292.483
2016-09-25 00:59:59,182.683
2016-09-25 01:14:59,293.342
2016-09-25 01:29:59,176.125
2016-09-25 01:44:59,253.071
2016-09-25 01:59:59,198.012
2016-09-25 02:14:59,173.613
2016-09-25 02:29:59,182.517
2016-09-25 02:44:59,243.812
2016-09-25 02:59:59,119.971
2016-09-25 03:14:59,31.9958
2016-09-25 03:29:59,30.5583
2016-09-25 03:44:59,33.2
2016-09-25 03:59:59,28.6833
2016-09-25 04:14:59,30.1958
2016-09-25 04:29:59,32.2292
2016-09-25 04:44:59,27.7333
2016-09-25 04:59:59,26.8333
2016-09-25 05:14:59,29.2125
2016-09-25 05:29:59,33.7167
2016-09-25 05:44:59,34.1042
2016-09-25 05:59:59,31.05
2016-09-25 06:14:59,31.5
2016-09-25 06:29:59,32.3667
2016-09-25 06:44:59,36.5875
2016-09-25 06:59:59,47.7292
2016-09-25 07:14:59,37.1333
2016-09-25 07:29:59,27.5208
2016-09-25 07:44:59,26.7042
2016-09-25 07:59:59,64.0167
2016-09-25 08:14:59,139.762
2016-09-25 08:29:59,61.325
2016-09-25 08:44:59,33.525
2016-09-25 08:59:59,44.725
2016-09-25 09:14:59,35.0125
2016-09-25 09:29:59,31.575
2016-09-25 09:44:59,33.3167
2016-09-25 09:59:59,30.625
2016-09-25 10:14:59,27.1667
2016-09-25 10:29:59,26.5083
2016-09-25 10:44:59,31.8708
2016-09-25 10:59:59,34.0542
2016-09-25 11:14:59,33.925
2016-09-25 11:29:59,29.075
2016-09-25 11:44:59,33.3167
2016-09-25 11:59:59,30.7667
2016-09-25 12:14:59,28.2792
2016-09-25 12:29:59,32.7167
2016-09-25 12:44:59,29.625
2016-09-25 12:59:59,27.025
2016-09-25 13:14:59,26.575
2016-09-25 13:29:59,32.95
2016-09-25 13:44:59,34.2833
2016-09-25 13:59:59,33.125
2016-09-25 14:14:59,29.5417
2016-09-25 14:29:59,33.4792
2016-09-25 14:44:59,29.7167
2016-09-25 14:59:59,28.9833
2016-09-25 15:14:59,33.0417
2016-09-25 15:29:59,28.525
2016-09-25 15:44:59,26.8375
2016-09-25 15:59:59,27.35
2016-09-25 16:14:59,33.6
2016-09-25 16:29:59,34.2125
2016-09-25 16:44:59,32.3958
2016-09-25 16:59:59,30.1875
2016-09-25 17:14:59,34.3333
2016-09-25 17:29:59,32.3917
2016-09-25 17:44:59,33.3042
2016-09-25 17:59:59,36.0292
2016-09-25 18:14:59,33.8458
2016-09-25 18:29:59,46.8333
2016-09-25 18:44:59,46.3833
2016-09-25 18:59:59,218.004
2016-09-25 19:14:59,397.325
2016-09-25 19:29:59,71.3208
2016-09-25 19:44:59,173.712
2016-09-25 19:59:59,349.208
2016-09-25 20:14:59,344.046
2016-09-25 20:29:59,344.921
2016-09-25 20:44:59,350.379
2016-09-25 20:59:59,359.638
2016-09-25 21:14:59,357.967
2016-09-25 21:29:59,361.067
2016-09-25 21:44:59,290.617
2016-09-25 21:59:59,345.775
2016-09-25 22:14:59,340.529
2016-09-25 22:29:59,420.879
2016-09-25 22:44:59,494.788
2016-09-25 22:59:59,391.767
2016-09-25 23:14:59,431.254
2016-09-25 23:29:59,310.592
2016-09-25 23:44:59,231.167
2016-09-25 23:59:59,327.75
2016-09-26 00:14:59,193.712
2016-09-26 00:29:59,298.071
2016-09-26 00:44:59,180.767
2016-09-26 00:59:59,245.425
2016-09-26 01:14:59,207.092
2016-09-26 01:29:59,177.754
2016-09-26 01:44:59,178.4
2016-09-26 01:59:59,243.046
2016-09-26 02:14:59,150.779
2016-09-26 02:29:59,109.825
2016-09-26 02:44:59,26.5083
2016-09-26 02:59:59,32.6
2016-09-26 03:14:59,34.2
2016-09-26 03:29:59,33.5
2016-09-26 03:44:59,29.2375
2016-09-26 03:59:59,33.4375
2016-09-26 04:14:59,30.1458
2016-09-26 04:29:59,28.6583
2016-09-26 04:44:59,32.9792
2016-09-26 04:59:59,29.025
2016-09-26 05:14:59,26.9
2016-09-26 05:29:59,26.9333
2016-09-26 05:44:59,33.3958
2016-09-26 05:59:59,34.2125
2016-09-26 06:14:59,32.7
2016-09-26 06:29:59,46.4417
2016-09-26 06:44:59,36.7292
2016-09-26 06:59:59,29.2125
2016-09-26 07:14:59,29.5625
2016-09-26 07:29:59,45.0667
2016-09-26 07:44:59,148.796
2016-09-26 07:59:59,35.25
2016-09-26 08:14:59,43.4958
2016-09-26 08:29:59,33.6125
2016-09-26 08:44:59,34.2125
2016-09-26 08:59:59,33.2708
2016-09-26 09:14:59,34.2333
2016-09-26 09:29:59,36.4792
2016-09-26 09:44:59,32.175
2016-09-26 09:59:59,33.7875
2016-09-26 10:14:59,35.7167
2016-09-26 10:29:59,31.1917
2016-09-26 10:44:59,30.2417
2016-09-26 10:59:59,29.7
2016-09-26 11:14:59,33.7417
2016-09-26 11:29:59,34.0667
2016-09-26 11:44:59,30.9875
2016-09-26 11:59:59,31.525
2016-09-26 12:14:59,32.2042
2016-09-26 12:29:59,28.35
2016-09-26 12:44:59,31.3833
2016-09-26 12:59:59,31.3583
2016-09-26 13:14:59,27.3375
2016-09-26 13:29:59,26.6875
2016-09-26 13:44:59,30.7417
2016-09-26 13:59:59,33.9
2016-09-26 14:14:59,33.9208
2016-09-26 14:29:59,29.9667
2016-09-26 14:44:59,32.5
2016-09-26 14:59:59,31.4042
2016-09-26 15:14:59,28.0542
2016-09-26 15:29:59,32.4542
2016-09-26 15:44:59,30.4458
2016-09-26 15:59:59,27.0875
2016-09-26 16:14:59,26.5333
2016-09-26 16:29:59,32.0917
2016-09-26 16:44:59,33.9792
2016-09-26 16:59:59,33.8833
2016-09-26 17:14:59,29.0583
2016-09-26 17:29:59,33.2875
2016-09-26 17:44:59,30.575
2016-09-26 17:59:59,28.5125
2016-09-26 18:14:59,51.2208
2016-09-26 18:29:59,169.587
2016-09-26 18:44:59,361.883
2016-09-26 18:59:59,54.0083
2016-09-26 19:14:59,61.5917
2016-09-26 19:29:59,61.2583
2016-09-26 19:44:59,60.0
2016-09-26 19:59:59,67.0958
2016-09-26 20:14:59,76.8542
2016-09-26 20:29:59,60.5583
2016-09-26 20:44:59,52.6125
2016-09-26 20:59:59,56.5208
2016-09-26 21:14:59,51.8042
2016-09-26 21:29:59,51.4625
2016-09-26 21:44:59,56.9625
2016-09-26 21:59:59,311.142
2016-09-26 22:14:59,358.017
2016-09-26 22:29:59,440.546
2016-09-26 22:44:59,507.0
2016-09-26 22:59:59,507.188
2016-09-26 23:14:59,803.579
2016-09-26 23:29:59,1026.93
2016-09-26 23:44:59,813.825
2016-09-26 23:59:59,331.204
2016-09-27 00:14:59,309.392
2016-09-27 00:29:59,309.254
2016-09-27 00:44:59,312.621
2016-09-27 00:59:59,309.104
2016-09-27 01:14:59,208.413
2016-09-27 01:29:59,310.942
2016-09-27 01:44:59,192.137
2016-09-27 01:59:59,289.763
2016-09-27 02:14:59,286.65
2016-09-27 02:29:59,187.613
2016-09-27 02:44:59,179.0
2016-09-27 02:59:59,287.321
2016-09-27 03:14:59,156.5
2016-09-27 03:29:59,197.754
2016-09-27 03:44:59,279.75
2016-09-27 03:59:59,135.229
2016-09-27 04:14:59,162.1
2016-09-27 04:29:59,233.788
2016-09-27 04:44:59,172.142
2016-09-27 04:59:59,141.267
2016-09-27 05:14:59,141.771
2016-09-27 05:29:59,139.012
2016-09-27 05:44:59,139.538
2016-09-27 05:59:59,165.367
2016-09-27 06:14:59,37.2083
2016-09-27 06:29:59,50.4375
2016-09-27 06:44:59,45.8917
2016-09-27 06:59:59,49.1333
2016-09-27 07:14:59,31.0083
2016-09-27 07:29:59,104.113
2016-09-27 07:44:59,32.7167
2016-09-27 07:59:59,29.8167
2016-09-27 08:14:59,27.0333
2016-09-27 08:29:59,26.6083
2016-09-27 08:44:59,32.6208
2016-09-27 08:59:59,34.175
2016-09-27 09:14:59,33.45
2016-09-27 09:29:59,29.2208
2016-09-27 09:44:59,33.4833
2016-09-27 09:59:59,33.7458
2016-09-27 10:14:59,32.25
2016-09-27 10:29:59,36.3875
2016-09-27 10:44:59,32.4083
2016-09-27 10:59:59,30.4167
2016-09-27 11:14:59,30.625
2016-09-27 11:29:59,33.5542
2016-09-27 11:44:59,34.225
2016-09-27 11:59:59,32.65
2016-09-27 12:14:59,29.875
2016-09-27 12:29:59,33.4542
2016-09-27 12:44:59,29.2542
2016-09-27 12:59:59,29.5833
2016-09-27 13:14:59,32.725
2016-09-27 13:29:59,27.9833
2016-09-27 13:44:59,26.8792
2016-09-27 13:59:59,28.2458
2016-09-27 14:14:59,33.6
2016-09-27 14:29:59,34.1875
2016-09-27 14:44:59,31.7583
2016-09-27 14:59:59,30.6583
2016-09-27 15:14:59,33.0167
2016-09-27 15:29:59,28.7292
2016-09-27 15:44:59,30.3958
2016-09-27 15:59:59,32.0292
2016-09-27 16:14:59,27.7125
2016-09-27 16:29:59,26.8
2016-09-27 16:44:59,29.5792
2016-09-27 16:59:59,33.6792
2016-09-27 17:14:59,34.1542
2016-09-27 17:29:59,30.7958
2016-09-27 17:44:59,35.1458
2016-09-27 17:59:59,35.6458
2016-09-27 18:14:59,36.5875
2016-09-27 18:29:59,45.4
2016-09-27 18:44:59,45.2583
2016-09-27 18:59:59,49.9167
2016-09-27 19:14:59,53.7708
2016-09-27 19:29:59,89.7667
2016-09-27 19:44:59,385.288
2016-09-27 19:59:59,393.292
2016-09-27 20:14:59,76.0875
2016-09-27 20:29:59,678.121
2016-09-27 20:44:59,747.542
2016-09-27 20:59:59,1017.55
2016-09-27 21:14:59,388.825
2016-09-27 21:29:59,351.529
2016-09-27 21:44:59,343.929
2016-09-27 21:59:59,407.413
2016-09-27 22:14:59,519.354
2016-09-27 22:29:59,501.117
2016-09-27 22:44:59,435.542
2016-09-27 22:59:59,336.983
2016-09-27 23:14:59,299.95
2016-09-27 23:29:59,295.171
2016-09-27 23:44:59,292.108
2016-09-27 23:59:59,266.279
2016-09-28 00:14:59,217.462
2016-09-28 00:29:59,290.446
2016-09-28 00:44:59,170.65
2016-09-28 00:59:59,294.821
2016-09-28 01:14:59,255.679
2016-09-28 01:29:59,224.267
2016-09-28 01:44:59,178.113
2016-09-28 01:59:59,296.446
2016-09-28 02:14:59,155.479
2016-09-28 02:29:59,178.762
2016-09-28 02:44:59,280.142
2016-09-28 02:59:59,145.833
2016-09-28 03:14:59,142.854
2016-09-28 03:29:59,209.817
2016-09-28 03:44:59,181.5
2016-09-28 03:59:59,173.079
2016-09-28 04:14:59,143.475
2016-09-28 04:29:59,141.617
2016-09-28 04:44:59,145.171
2016-09-28 04:59:59,138.579
2016-09-28 05:14:59,145.554
2016-09-28 05:29:59,160.825
2016-09-28 05:44:59,28.1875
2016-09-28 05:59:59,26.8875
2016-09-28 06:14:59,28.9375
2016-09-28 06:29:59,47.0833
2016-09-28 06:44:59,49.9333
2016-09-28 06:59:59,31.2042
2016-09-28 07:14:59,31.2708
2016-09-28 07:29:59,36.45
2016-09-28 07:44:59,28.4417
2016-09-28 07:59:59,30.9333
2016-09-28 08:14:59,31.6792
2016-09-28 08:29:59,27.5417
2016-09-28 08:44:59,26.7708
2016-09-28 08:59:59,30.5917
2016-09-28 09:14:59,37.2958
2016-09-28 09:29:59,37.4625
2016-09-28 09:44:59,32.0958
2016-09-28 09:59:59,128.992
2016-09-28 10:14:59,76.3042
2016-09-28 10:29:59,28.275
2016-09-28 10:44:59,31.925
2016-09-28 10:59:59,30.7542
2016-09-28 11:14:59,27.35
2016-09-28 11:29:59,26.5083
2016-09-28 11:44:59,31.625
2016-09-28 11:59:59,33.9125
2016-09-28 12:14:59,33.8542
2016-09-28 12:29:59,29.2292
2016-09-28 12:44:59,33.1708
2016-09-28 12:59:59,30.9833
2016-09-28 13:14:59,28.1958
2016-09-28 13:29:59,32.6792
2016-09-28 13:44:59,29.8542
2016-09-28 13:59:59,27.1208
2016-09-28 14:14:59,26.5083
2016-09-28 14:29:59,32.7917
2016-09-28 14:44:59,34.1625
2016-09-28 14:59:59,33.275
2016-09-28 15:14:59,29.2958
2016-09-28 15:29:59,33.5292
2016-09-28 15:44:59,30.1083
2016-09-28 15:59:59,28.7375
2016-09-28 16:14:59,32.9333
2016-09-28 16:29:59,28.8917
2016-09-28 16:44:59,26.8667
2016-09-28 16:59:59,27.1625
2016-09-28 17:14:59,33.425
2016-09-28 17:29:59,34.1125
2016-09-28 17:44:59,32.4875
2016-09-28 17:59:59,31.1875
2016-09-28 18:14:59,37.0167
2016-09-28 18:29:59,32.5667
2016-09-28 18:44:59,33.1042
2016-09-28 18:59:59,36.2167
2016-09-28 19:14:59,38.3958
2016-09-28 19:29:59,43.4292
2016-09-28 19:44:59,87.5708
2016-09-28 19:59:59,384.987
2016-09-28 20:14:59,155.663
2016-09-28 20:29:59,106.633
2016-09-28 20:44:59,336.175
2016-09-28 20:59:59,339.475
2016-09-28 21:14:59,347.475
2016-09-28 21:29:59,354.054
2016-09-28 21:44:59,347.617
2016-09-28 21:59:59,342.788
2016-09-28 22:14:59,344.246
2016-09-28 22:29:59,289.204
2016-09-28 22:44:59,348.7
2016-09-28 22:59:59,458.517
2016-09-28 23:14:59,507.087
2016-09-28 23:29:59,436.908
2016-09-28 23:44:59,255.883
2016-09-28 23:59:59,292.871
2016-09-29 00:14:59,296.121
2016-09-29 00:29:59,174.596
2016-09-29 00:44:59,290.225
2016-09-29 00:59:59,195.604
2016-09-29 01:14:59,274.546
2016-09-29 01:29:59,181.404
2016-09-29 01:44:59,296.996
2016-09-29 01:59:59,156.267
2016-09-29 02:14:59,180.104
2016-09-29 02:29:59,228.562
2016-09-29 02:44:59,196.3
2016-09-29 02:59:59,148.179
2016-09-29 03:14:59,162.062
2016-09-29 03:29:59,174.512
2016-09-29 03:44:59,26.5958
2016-09-29 03:59:59,32.2083
2016-09-29 04:14:59,34.0042
2016-09-29 04:29:59,33.6417
2016-09-29 04:44:59,29.2083
2016-09-29 04:59:59,33.3917
2016-09-29 05:14:59,30.4375
2016-09-29 05:29:59,28.5125
2016-09-29 05:44:59,32.8833
2016-09-29 05:59:59,29.375
2016-09-29 06:14:59,26.9458
2016-09-29 06:29:59,26.7583
2016-09-29 06:44:59,33.1833
2016-09-29 06:59:59,34.1125
2016-09-29 07:14:59,47.9792
2016-09-29 07:29:59,46.2458
2016-09-29 07:44:59,48.0917
2016-09-29 07:59:59,29.5
2016-09-29 08:14:59,29.2292
2016-09-29 08:29:59,165.983
2016-09-29 08:44:59,202.083
2016-09-29 08:59:59,702.062
2016-09-29 09:14:59,698.458
2016-09-29 09:29:59,246.371
2016-09-29 09:44:59,34.1375
2016-09-29 09:59:59,32.2125
2016-09-29 10:14:59,30.4583
2016-09-29 10:29:59,33.1667
2016-09-29 10:44:59,28.8375
2016-09-29 10:59:59,30.0792
2016-09-29 11:14:59,32.3708
2016-09-29 11:29:59,27.8125
2016-09-29 11:44:59,26.8208
2016-09-29 11:59:59,29.1083
2016-09-29 12:14:59,33.5792
2016-09-29 12:29:59,34.0667
2016-09-29 12:44:59,31.1792
2016-09-29 12:59:59,31.3583
2016-09-29 13:14:59,32.4958
2016-09-29 13:29:59,28.3875
2016-09-29 13:44:59,31.1
2016-09-29 13:59:59,31.5875
2016-09-29 14:14:59,27.4875
2016-09-29 14:29:59,26.7958
2016-09-29 14:44:59,30.275
2016-09-29 14:59:59,33.7333
2016-09-29 15:14:59,33.9875
2016-09-29 15:29:59,30.2458
2016-09-29 15:44:59,32.2833
2016-09-29 15:59:59,31.5792
2016-09-29 16:14:59,28.2208
2016-09-29 16:29:59,32.0833
2016-09-29 16:44:59,30.7667
2016-09-29 16:59:59,27.2167
2016-09-29 17:14:59,26.5708
2016-09-29 17:29:59,32.4292
2016-09-29 17:44:59,37.4125
2016-09-29 17:59:59,37.3042
2016-09-29 18:14:59,32.8042
2016-09-29 18:29:59,36.6833
2016-09-29 18:44:59,34.3708
2016-09-29 18:59:59,135.925
2016-09-29 19:14:59,377.913
2016-09-29 19:29:59,384.312
2016-09-29 19:44:59,102.887
2016-09-29 19:59:59,50.5958
2016-09-29 20:14:59,108.325
2016-09-29 20:29:59,337.321
2016-09-29 20:44:59,335.013
2016-09-29 20:59:59,334.712
2016-09-29 21:14:59,345.858
2016-09-29 21:29:59,327.812
2016-09-29 21:44:59,427.392
2016-09-29 21:59:59,350.058
2016-09-29 22:14:59,359.246
2016-09-29 22:29:59,500.525
2016-09-29 22:44:59,496.917
2016-09-29 22:59:59,500.429
2016-09-29 23:14:59,349.904
2016-09-29 23:29:59,256.308
2016-09-29 23:44:59,312.958
2016-09-29 23:59:59,335.858
2016-09-30 00:14:59,188.004
2016-09-30 00:29:59,308.054
2016-09-30 00:44:59,201.617
2016-09-30 00:59:59,271.462
2016-09-30 01:14:59,174.467
2016-09-30 01:29:59,291.45
2016-09-30 01:44:59,160.167
2016-09-30 01:59:59,181.608
2016-09-30 02:14:59,228.846
2016-09-30 02:29:59,199.096
2016-09-30 02:44:59,148.488
2016-09-30 02:59:59,41.3542
2016-09-30 03:14:59,30.6167
2016-09-30 03:29:59,31.9625
2016-09-30 03:44:59,27.6167
2016-09-30 03:59:59,26.8375
2016-09-30 04:14:59,29.6958
2016-09-30 04:29:59,33.6833
2016-09-30 04:44:59,34.0375
2016-09-30 04:59:59,30.6708
2016-09-30 05:14:59,31.875
2016-09-30 05:29:59,31.9125
2016-09-30 05:44:59,28.3667
2016-09-30 05:59:59,31.6292
2016-09-30 06:14:59,31.1208
2016-09-30 06:29:59,27.4083
2016-09-30 06:44:59,26.5
2016-09-30 06:59:59,31.0875
2016-09-30 07:14:59,97.6375
2016-09-30 07:29:59,111.604
2016-09-30 07:44:59,45.0083
2016-09-30 07:59:59,32.6875
2016-09-30 08:14:59,40.075
2016-09-30 08:29:59,35.0792
2016-09-30 08:44:59,41.4583
2016-09-30 08:59:59,35.9333
2016-09-30 09:14:59,27.1542
2016-09-30 09:29:59,26.5333
2016-09-30 09:44:59,32.2625
2016-09-30 09:59:59,36.6917
2016-09-30 10:14:59,37.2458
2016-09-30 10:29:59,32.6458
2016-09-30 10:44:59,36.875
2016-09-30 10:59:59,33.8542
2016-09-30 11:14:59,32.175
2016-09-30 11:29:59,35.2333
2016-09-30 11:44:59,29.2458
2016-09-30 11:59:59,26.9292
2016-09-30 12:14:59,26.7708
2016-09-30 12:29:59,33.1417
2016-09-30 12:44:59,34.3
2016-09-30 12:59:59,32.85
2016-09-30 13:14:59,61.8239
2016-09-30 13:29:59,60.1625
2016-09-30 13:44:59,107.592
2016-09-30 13:59:59,80.425
2016-09-30 14:14:59,65.975
2016-09-30 14:29:59,84.1125
2016-09-30 14:44:59,47.8542
2016-09-30 14:59:59,87.0583
2016-09-30 15:14:59,84.8375
2016-09-30 15:29:59,71.5375
2016-09-30 15:44:59,88.175
2016-09-30 15:59:59,108.354
2016-09-30 16:14:59,75.85
2016-09-30 16:29:59,79.875
2016-09-30 16:44:59,63.0292
2016-09-30 16:59:59,140.204
2016-09-30 17:14:59,154.267
2016-09-30 17:29:59,26.7458
2016-09-30 17:44:59,29.0917
2016-09-30 17:59:59,35.1417
2016-09-30 18:14:59,43.3583
2016-09-30 18:29:59,51.0292
2016-09-30 18:44:59,54.0625
2016-09-30 18:59:59,60.2833
2016-09-30 19:14:59,58.9833
2016-09-30 19:29:59,69.0542
2016-09-30 19:44:59,58.6875
2016-09-30 19:59:59,54.5708
2016-09-30 20:14:59,66.2833
2016-09-30 20:29:59,76.5292
2016-09-30 20:44:59,79.5792
2016-09-30 20:59:59,372.679
2016-09-30 21:14:59,422.817
2016-09-30 21:29:59,530.071
2016-09-30 21:44:59,534.833
2016-09-30 21:59:59,522.142
2016-09-30 22:14:59,395.496
2016-09-30 22:29:59,345.804
2016-09-30 22:44:59,340.046
2016-09-30 22:59:59,339.383
2016-09-30 23:14:59,347.158
2016-09-30 23:29:59,285.433
2016-09-30 23:44:59,322.938
2016-09-30 23:59:59,315.417
